match_id,tournament_id,team_id_home,team_name_home,team_code_home,goals_for_home,goals_against_home,goal_differential_home,win_home,draw_home,lose_home,extra_time_home,penalty_shootout_home,penalties_for_home,penalties_against_home,team_id_away,team_name_away,team_code_away,goals_for_away,goals_against_away,goal_differential_away,win_away,draw_away,lose_away,extra_time_away,penalty_shootout_away,penalties_for_away,penalties_against_away,year,stage_name,group_name,group_stage,knockout_stage,match_date,result_home
M-2006-01,WC-2006,T-31,Germany,DEU,4,2,2,1,0,0,0,0,0,0,T-17,Costa Rica,CRI,2,4,-2,0,0,1,0,0,0,0,2006,group stage,Group A,1,0,2006-06-09,W
M-2006-02,WC-2006,T-57,Poland,POL,0,2,-2,0,0,1,0,0,0,0,T-25,Ecuador,ECU,2,0,2,1,0,0,0,0,0,0,2006,group stage,Group A,1,0,2006-06-09,L
M-2006-03,WC-2006,T-28,England,ENG,1,0,1,1,0,0,0,0,0,0,T-55,Paraguay,PRY,0,1,-1,0,0,1,0,0,0,0,2006,group stage,Group B,1,0,2006-06-10,W
M-2006-04,WC-2006,T-78,Trinidad and Tobago,TTO,0,0,0,0,1,0,0,0,0,0,T-74,Sweden,SWE,0,0,0,0,1,0,0,0,0,0,2006,group stage,Group B,1,0,2006-06-10,D
M-2006-05,WC-2006,T-03,Argentina,ARG,2,1,1,1,0,0,0,0,0,0,T-42,Ivory Coast,CIV,1,2,-1,0,0,1,0,0,0,0,2006,group stage,Group C,1,0,2006-06-10,W
M-2006-06,WC-2006,T-67,Serbia and Montenegro,SCG,0,1,-1,0,0,1,0,0,0,0,T-48,Netherlands,NLD,1,0,1,1,0,0,0,0,0,0,2006,group stage,Group C,1,0,2006-06-11,L
M-2006-07,WC-2006,T-46,Mexico,MEX,3,1,2,1,0,0,0,0,0,0,T-38,Iran,IRN,1,3,-2,0,0,1,0,0,0,0,2006,group stage,Group D,1,0,2006-06-11,W
M-2006-08,WC-2006,T-02,Angola,AGO,0,1,-1,0,0,1,0,0,0,0,T-58,Portugal,PRT,1,0,1,1,0,0,0,0,0,0,2006,group stage,Group D,1,0,2006-06-11,L
M-2006-09,WC-2006,T-04,Australia,AUS,3,1,2,1,0,0,0,0,0,0,T-44,Japan,JPN,1,3,-2,0,0,1,0,0,0,0,2006,group stage,Group F,1,0,2006-06-12,W
M-2006-10,WC-2006,T-83,United States,USA,0,3,-3,0,0,1,0,0,0,0,T-20,Czech Republic,CZE,3,0,3,1,0,0,0,0,0,0,2006,group stage,Group E,1,0,2006-06-12,L
M-2006-11,WC-2006,T-41,Italy,ITA,2,0,2,1,0,0,0,0,0,0,T-32,Ghana,GHA,0,2,-2,0,0,1,0,0,0,0,2006,group stage,Group E,1,0,2006-06-12,W
M-2006-12,WC-2006,T-71,South Korea,KOR,2,1,1,1,0,0,0,0,0,0,T-77,Togo,TGO,1,2,-1,0,0,1,0,0,0,0,2006,group stage,Group G,1,0,2006-06-13,W
M-2006-13,WC-2006,T-30,France,FRA,0,0,0,0,1,0,0,0,0,0,T-75,Switzerland,CHE,0,0,0,0,1,0,0,0,0,0,2006,group stage,Group G,1,0,2006-06-13,D
M-2006-14,WC-2006,T-09,Brazil,BRA,1,0,1,1,0,0,0,0,0,0,T-18,Croatia,HRV,0,1,-1,0,0,1,0,0,0,0,2006,group stage,Group F,1,0,2006-06-13,W
M-2006-15,WC-2006,T-73,Spain,ESP,4,0,4,1,0,0,0,0,0,0,T-81,Ukraine,UKR,0,4,-4,0,0,1,0,0,0,0,2006,group stage,Group H,1,0,2006-06-14,W
M-2006-16,WC-2006,T-79,Tunisia,TUN,2,2,0,0,1,0,0,0,0,0,T-63,Saudi Arabia,SAU,2,2,0,0,1,0,0,0,0,0,2006,group stage,Group H,1,0,2006-06-14,D
M-2006-17,WC-2006,T-31,Germany,DEU,1,0,1,1,0,0,0,0,0,0,T-57,Poland,POL,0,1,-1,0,0,1,0,0,0,0,2006,group stage,Group A,1,0,2006-06-14,W
M-2006-18,WC-2006,T-25,Ecuador,ECU,3,0,3,1,0,0,0,0,0,0,T-17,Costa Rica,CRI,0,3,-3,0,0,1,0,0,0,0,2006,group stage,Group A,1,0,2006-06-15,W
M-2006-19,WC-2006,T-28,England,ENG,2,0,2,1,0,0,0,0,0,0,T-78,Trinidad and Tobago,TTO,0,2,-2,0,0,1,0,0,0,0,2006,group stage,Group B,1,0,2006-06-15,W
M-2006-20,WC-2006,T-74,Sweden,SWE,1,0,1,1,0,0,0,0,0,0,T-55,Paraguay,PRY,0,1,-1,0,0,1,0,0,0,0,2006,group stage,Group B,1,0,2006-06-15,W
M-2006-21,WC-2006,T-03,Argentina,ARG,6,0,6,1,0,0,0,0,0,0,T-67,Serbia and Montenegro,SCG,0,6,-6,0,0,1,0,0,0,0,2006,group stage,Group C,1,0,2006-06-16,W
M-2006-22,WC-2006,T-48,Netherlands,NLD,2,1,1,1,0,0,0,0,0,0,T-42,Ivory Coast,CIV,1,2,-1,0,0,1,0,0,0,0,2006,group stage,Group C,1,0,2006-06-16,W
M-2006-23,WC-2006,T-46,Mexico,MEX,0,0,0,0,1,0,0,0,0,0,T-02,Angola,AGO,0,0,0,0,1,0,0,0,0,0,2006,group stage,Group D,1,0,2006-06-16,D
M-2006-24,WC-2006,T-58,Portugal,PRT,2,0,2,1,0,0,0,0,0,0,T-38,Iran,IRN,0,2,-2,0,0,1,0,0,0,0,2006,group stage,Group D,1,0,2006-06-17,W
M-2006-25,WC-2006,T-20,Czech Republic,CZE,0,2,-2,0,0,1,0,0,0,0,T-32,Ghana,GHA,2,0,2,1,0,0,0,0,0,0,2006,group stage,Group E,1,0,2006-06-17,L
M-2006-26,WC-2006,T-41,Italy,ITA,1,1,0,0,1,0,0,0,0,0,T-83,United States,USA,1,1,0,0,1,0,0,0,0,0,2006,group stage,Group E,1,0,2006-06-17,D
M-2006-27,WC-2006,T-44,Japan,JPN,0,0,0,0,1,0,0,0,0,0,T-18,Croatia,HRV,0,0,0,0,1,0,0,0,0,0,2006,group stage,Group F,1,0,2006-06-18,D
M-2006-28,WC-2006,T-09,Brazil,BRA,2,0,2,1,0,0,0,0,0,0,T-04,Australia,AUS,0,2,-2,0,0,1,0,0,0,0,2006,group stage,Group F,1,0,2006-06-18,W
M-2006-29,WC-2006,T-30,France,FRA,1,1,0,0,1,0,0,0,0,0,T-71,South Korea,KOR,1,1,0,0,1,0,0,0,0,0,2006,group stage,Group G,1,0,2006-06-18,D
M-2006-30,WC-2006,T-77,Togo,TGO,0,2,-2,0,0,1,0,0,0,0,T-75,Switzerland,CHE,2,0,2,1,0,0,0,0,0,0,2006,group stage,Group G,1,0,2006-06-19,L
M-2006-31,WC-2006,T-63,Saudi Arabia,SAU,0,4,-4,0,0,1,0,0,0,0,T-81,Ukraine,UKR,4,0,4,1,0,0,0,0,0,0,2006,group stage,Group H,1,0,2006-06-19,L
M-2006-32,WC-2006,T-73,Spain,ESP,3,1,2,1,0,0,0,0,0,0,T-79,Tunisia,TUN,1,3,-2,0,0,1,0,0,0,0,2006,group stage,Group H,1,0,2006-06-19,W
M-2006-33,WC-2006,T-17,Costa Rica,CRI,1,2,-1,0,0,1,0,0,0,0,T-57,Poland,POL,2,1,1,1,0,0,0,0,0,0,2006,group stage,Group A,1,0,2006-06-20,L
M-2006-34,WC-2006,T-25,Ecuador,ECU,0,3,-3,0,0,1,0,0,0,0,T-31,Germany,DEU,3,0,3,1,0,0,0,0,0,0,2006,group stage,Group A,1,0,2006-06-20,L
M-2006-35,WC-2006,T-55,Paraguay,PRY,2,0,2,1,0,0,0,0,0,0,T-78,Trinidad and Tobago,TTO,0,2,-2,0,0,1,0,0,0,0,2006,group stage,Group B,1,0,2006-06-20,W
M-2006-36,WC-2006,T-74,Sweden,SWE,2,2,0,0,1,0,0,0,0,0,T-28,England,ENG,2,2,0,0,1,0,0,0,0,0,2006,group stage,Group B,1,0,2006-06-20,D
M-2006-37,WC-2006,T-38,Iran,IRN,1,1,0,0,1,0,0,0,0,0,T-02,Angola,AGO,1,1,0,0,1,0,0,0,0,0,2006,group stage,Group D,1,0,2006-06-21,D
M-2006-38,WC-2006,T-58,Portugal,PRT,2,1,1,1,0,0,0,0,0,0,T-46,Mexico,MEX,1,2,-1,0,0,1,0,0,0,0,2006,group stage,Group D,1,0,2006-06-21,W
M-2006-39,WC-2006,T-42,Ivory Coast,CIV,3,2,1,1,0,0,0,0,0,0,T-67,Serbia and Montenegro,SCG,2,3,-1,0,0,1,0,0,0,0,2006,group stage,Group C,1,0,2006-06-21,W
M-2006-40,WC-2006,T-48,Netherlands,NLD,0,0,0,0,1,0,0,0,0,0,T-03,Argentina,ARG,0,0,0,0,1,0,0,0,0,0,2006,group stage,Group C,1,0,2006-06-21,D
M-2006-41,WC-2006,T-20,Czech Republic,CZE,0,2,-2,0,0,1,0,0,0,0,T-41,Italy,ITA,2,0,2,1,0,0,0,0,0,0,2006,group stage,Group E,1,0,2006-06-22,L
M-2006-42,WC-2006,T-32,Ghana,GHA,2,1,1,1,0,0,0,0,0,0,T-83,United States,USA,1,2,-1,0,0,1,0,0,0,0,2006,group stage,Group E,1,0,2006-06-22,W
M-2006-43,WC-2006,T-18,Croatia,HRV,2,2,0,0,1,0,0,0,0,0,T-04,Australia,AUS,2,2,0,0,1,0,0,0,0,0,2006,group stage,Group F,1,0,2006-06-22,D
M-2006-44,WC-2006,T-44,Japan,JPN,1,4,-3,0,0,1,0,0,0,0,T-09,Brazil,BRA,4,1,3,1,0,0,0,0,0,0,2006,group stage,Group F,1,0,2006-06-22,L
M-2006-45,WC-2006,T-63,Saudi Arabia,SAU,0,1,-1,0,0,1,0,0,0,0,T-73,Spain,ESP,1,0,1,1,0,0,0,0,0,0,2006,group stage,Group H,1,0,2006-06-23,L
M-2006-46,WC-2006,T-81,Ukraine,UKR,1,0,1,1,0,0,0,0,0,0,T-79,Tunisia,TUN,0,1,-1,0,0,1,0,0,0,0,2006,group stage,Group H,1,0,2006-06-23,W
M-2006-47,WC-2006,T-75,Switzerland,CHE,2,0,2,1,0,0,0,0,0,0,T-71,South Korea,KOR,0,2,-2,0,0,1,0,0,0,0,2006,group stage,Group G,1,0,2006-06-23,W
M-2006-48,WC-2006,T-77,Togo,TGO,0,2,-2,0,0,1,0,0,0,0,T-30,France,FRA,2,0,2,1,0,0,0,0,0,0,2006,group stage,Group G,1,0,2006-06-23,L
M-2006-49,WC-2006,T-31,Germany,DEU,2,0,2,1,0,0,0,0,0,0,T-74,Sweden,SWE,0,2,-2,0,0,1,0,0,0,0,2006,round of 16,not applicable,0,1,2006-06-24,W
M-2006-50,WC-2006,T-03,Argentina,ARG,2,1,1,1,0,0,1,0,0,0,T-46,Mexico,MEX,1,2,-1,0,0,1,1,0,0,0,2006,round of 16,not applicable,0,1,2006-06-24,W
M-2006-51,WC-2006,T-28,England,ENG,1,0,1,1,0,0,0,0,0,0,T-25,Ecuador,ECU,0,1,-1,0,0,1,0,0,0,0,2006,round of 16,not applicable,0,1,2006-06-25,W
M-2006-52,WC-2006,T-58,Portugal,PRT,1,0,1,1,0,0,0,0,0,0,T-48,Netherlands,NLD,0,1,-1,0,0,1,0,0,0,0,2006,round of 16,not applicable,0,1,2006-06-25,W
M-2006-53,WC-2006,T-41,Italy,ITA,1,0,1,1,0,0,0,0,0,0,T-04,Australia,AUS,0,1,-1,0,0,1,0,0,0,0,2006,round of 16,not applicable,0,1,2006-06-26,W
M-2006-54,WC-2006,T-75,Switzerland,CHE,0,0,0,0,0,1,1,1,0,3,T-81,Ukraine,UKR,0,0,0,1,0,0,1,1,3,0,2006,round of 16,not applicable,0,1,2006-06-26,L
M-2006-55,WC-2006,T-09,Brazil,BRA,3,0,3,1,0,0,0,0,0,0,T-32,Ghana,GHA,0,3,-3,0,0,1,0,0,0,0,2006,round of 16,not applicable,0,1,2006-06-27,W
M-2006-56,WC-2006,T-73,Spain,ESP,1,3,-2,0,0,1,0,0,0,0,T-30,France,FRA,3,1,2,1,0,0,0,0,0,0,2006,round of 16,not applicable,0,1,2006-06-27,L
M-2006-57,WC-2006,T-31,Germany,DEU,1,1,0,1,0,0,1,1,4,2,T-03,Argentina,ARG,1,1,0,0,0,1,1,1,2,4,2006,quarter-finals,not applicable,0,1,2006-06-30,W
M-2006-58,WC-2006,T-41,Italy,ITA,3,0,3,1,0,0,0,0,0,0,T-81,Ukraine,UKR,0,3,-3,0,0,1,0,0,0,0,2006,quarter-finals,not applicable,0,1,2006-06-30,W
M-2006-59,WC-2006,T-28,England,ENG,0,0,0,0,0,1,1,1,1,3,T-58,Portugal,PRT,0,0,0,1,0,0,1,1,3,1,2006,quarter-finals,not applicable,0,1,2006-07-01,L
M-2006-60,WC-2006,T-09,Brazil,BRA,0,1,-1,0,0,1,0,0,0,0,T-30,France,FRA,1,0,1,1,0,0,0,0,0,0,2006,quarter-finals,not applicable,0,1,2006-07-01,L
M-2006-61,WC-2006,T-31,Germany,DEU,0,2,-2,0,0,1,1,0,0,0,T-41,Italy,ITA,2,0,2,1,0,0,1,0,0,0,2006,semi-finals,not applicable,0,1,2006-07-04,L
M-2006-62,WC-2006,T-58,Portugal,PRT,0,1,-1,0,0,1,0,0,0,0,T-30,France,FRA,1,0,1,1,0,0,0,0,0,0,2006,semi-finals,not applicable,0,1,2006-07-05,L
M-2006-63,WC-2006,T-31,Germany,DEU,3,1,2,1,0,0,0,0,0,0,T-58,Portugal,PRT,1,3,-2,0,0,1,0,0,0,0,2006,third-place match,not applicable,0,1,2006-07-08,W
M-2006-64,WC-2006,T-41,Italy,ITA,1,1,0,1,0,0,1,1,5,3,T-30,France,FRA,1,1,0,0,0,1,1,1,3,5,2006,final,not applicable,0,1,2006-07-09,W
M-2007-01,WC-2007,T-31,Germany,DEU,11,0,11,1,0,0,0,0,0,0,T-03,Argentina,ARG,0,11,-11,0,0,1,0,0,0,0,2007,group stage,Group A,1,0,2007-09-10,W
M-2007-02,WC-2007,T-83,United States,USA,2,2,0,0,1,0,0,0,0,0,T-51,North Korea,PRK,2,2,0,0,1,0,0,0,0,0,2007,group stage,Group B,1,0,2007-09-11,D
M-2007-03,WC-2007,T-44,Japan,JPN,2,2,0,0,1,0,0,0,0,0,T-28,England,ENG,2,2,0,0,1,0,0,0,0,0,2007,group stage,Group A,1,0,2007-09-11,D
M-2007-04,WC-2007,T-50,Nigeria,NGA,1,1,0,0,1,0,0,0,0,0,T-74,Sweden,SWE,1,1,0,0,1,0,0,0,0,0,2007,group stage,Group B,1,0,2007-09-11,D
M-2007-05,WC-2007,T-32,Ghana,GHA,1,4,-3,0,0,1,0,0,0,0,T-04,Australia,AUS,4,1,3,1,0,0,0,0,0,0,2007,group stage,Group C,1,0,2007-09-12,L
M-2007-06,WC-2007,T-49,New Zealand,NZL,0,5,-5,0,0,1,0,0,0,0,T-09,Brazil,BRA,5,0,5,1,0,0,0,0,0,0,2007,group stage,Group D,1,0,2007-09-12,L
M-2007-07,WC-2007,T-53,Norway,NOR,2,1,1,1,0,0,0,0,0,0,T-12,Canada,CAN,1,2,-1,0,0,1,0,0,0,0,2007,group stage,Group C,1,0,2007-09-12,W
M-2007-08,WC-2007,T-14,China,CHN,3,2,1,1,0,0,0,0,0,0,T-22,Denmark,DNK,2,3,-1,0,0,1,0,0,0,0,2007,group stage,Group D,1,0,2007-09-12,W
M-2007-09,WC-2007,T-03,Argentina,ARG,0,1,-1,0,0,1,0,0,0,0,T-44,Japan,JPN,1,0,1,1,0,0,0,0,0,0,2007,group stage,Group A,1,0,2007-09-14,L
M-2007-10,WC-2007,T-74,Sweden,SWE,0,2,-2,0,0,1,0,0,0,0,T-83,United States,USA,2,0,2,1,0,0,0,0,0,0,2007,group stage,Group B,1,0,2007-09-14,L
M-2007-11,WC-2007,T-28,England,ENG,0,0,0,0,1,0,0,0,0,0,T-31,Germany,DEU,0,0,0,0,1,0,0,0,0,0,2007,group stage,Group A,1,0,2007-09-14,D
M-2007-12,WC-2007,T-51,North Korea,PRK,2,0,2,1,0,0,0,0,0,0,T-50,Nigeria,NGA,0,2,-2,0,0,1,0,0,0,0,2007,group stage,Group B,1,0,2007-09-14,W
M-2007-13,WC-2007,T-12,Canada,CAN,4,0,4,1,0,0,0,0,0,0,T-32,Ghana,GHA,0,4,-4,0,0,1,0,0,0,0,2007,group stage,Group C,1,0,2007-09-15,W
M-2007-14,WC-2007,T-22,Denmark,DNK,2,0,2,1,0,0,0,0,0,0,T-49,New Zealand,NZL,0,2,-2,0,0,1,0,0,0,0,2007,group stage,Group D,1,0,2007-09-15,W
M-2007-15,WC-2007,T-04,Australia,AUS,1,1,0,0,1,0,0,0,0,0,T-53,Norway,NOR,1,1,0,0,1,0,0,0,0,0,2007,group stage,Group C,1,0,2007-09-15,D
M-2007-16,WC-2007,T-09,Brazil,BRA,4,0,4,1,0,0,0,0,0,0,T-14,China,CHN,0,4,-4,0,0,1,0,0,0,0,2007,group stage,Group D,1,0,2007-09-15,W
M-2007-17,WC-2007,T-28,England,ENG,6,1,5,1,0,0,0,0,0,0,T-03,Argentina,ARG,1,6,-5,0,0,1,0,0,0,0,2007,group stage,Group A,1,0,2007-09-17,W
M-2007-18,WC-2007,T-31,Germany,DEU,2,0,2,1,0,0,0,0,0,0,T-44,Japan,JPN,0,2,-2,0,0,1,0,0,0,0,2007,group stage,Group A,1,0,2007-09-17,W
M-2007-19,WC-2007,T-50,Nigeria,NGA,0,1,-1,0,0,1,0,0,0,0,T-83,United States,USA,1,0,1,1,0,0,0,0,0,0,2007,group stage,Group B,1,0,2007-09-18,L
M-2007-20,WC-2007,T-51,North Korea,PRK,1,2,-1,0,0,1,0,0,0,0,T-74,Sweden,SWE,2,1,1,1,0,0,0,0,0,0,2007,group stage,Group B,1,0,2007-09-18,L
M-2007-21,WC-2007,T-04,Australia,AUS,2,2,0,0,1,0,0,0,0,0,T-12,Canada,CAN,2,2,0,0,1,0,0,0,0,0,2007,group stage,Group C,1,0,2007-09-20,D
M-2007-22,WC-2007,T-53,Norway,NOR,7,2,5,1,0,0,0,0,0,0,T-32,Ghana,GHA,2,7,-5,0,0,1,0,0,0,0,2007,group stage,Group C,1,0,2007-09-20,W
M-2007-23,WC-2007,T-09,Brazil,BRA,1,0,1,1,0,0,0,0,0,0,T-22,Denmark,DNK,0,1,-1,0,0,1,0,0,0,0,2007,group stage,Group D,1,0,2007-09-20,W
M-2007-24,WC-2007,T-14,China,CHN,2,0,2,1,0,0,0,0,0,0,T-49,New Zealand,NZL,0,2,-2,0,0,1,0,0,0,0,2007,group stage,Group D,1,0,2007-09-20,W
M-2007-25,WC-2007,T-31,Germany,DEU,3,0,3,1,0,0,0,0,0,0,T-51,North Korea,PRK,0,3,-3,0,0,1,0,0,0,0,2007,quarter-final,not applicable,0,1,2007-09-22,W
M-2007-26,WC-2007,T-83,United States,USA,3,0,3,1,0,0,0,0,0,0,T-28,England,ENG,0,3,-3,0,0,1,0,0,0,0,2007,quarter-final,not applicable,0,1,2007-09-22,W
M-2007-27,WC-2007,T-53,Norway,NOR,1,0,1,1,0,0,0,0,0,0,T-14,China,CHN,0,1,-1,0,0,1,0,0,0,0,2007,quarter-final,not applicable,0,1,2007-09-23,W
M-2007-28,WC-2007,T-09,Brazil,BRA,3,2,1,1,0,0,0,0,0,0,T-04,Australia,AUS,2,3,-1,0,0,1,0,0,0,0,2007,quarter-final,not applicable,0,1,2007-09-23,W
M-2007-29,WC-2007,T-31,Germany,DEU,3,0,3,1,0,0,0,0,0,0,T-53,Norway,NOR,0,3,-3,0,0,1,0,0,0,0,2007,semi-final,not applicable,0,1,2007-09-26,W
M-2007-30,WC-2007,T-83,United States,USA,0,4,-4,0,0,1,0,0,0,0,T-09,Brazil,BRA,4,0,4,1,0,0,0,0,0,0,2007,semi-final,not applicable,0,1,2007-09-27,L
M-2007-31,WC-2007,T-53,Norway,NOR,1,4,-3,0,0,1,0,0,0,0,T-83,United States,USA,4,1,3,1,0,0,0,0,0,0,2007,third-place match,not applicable,0,1,2007-09-30,L
M-2007-32,WC-2007,T-31,Germany,DEU,2,0,2,1,0,0,0,0,0,0,T-09,Brazil,BRA,0,2,-2,0,0,1,0,0,0,0,2007,final,not applicable,0,1,2007-09-30,W
M-2010-01,WC-2010,T-70,South Africa,ZAF,1,1,0,0,1,0,0,0,0,0,T-46,Mexico,MEX,1,1,0,0,1,0,0,0,0,0,2010,group stage,Group A,1,0,2010-06-11,D
M-2010-02,WC-2010,T-84,Uruguay,URY,0,0,0,0,1,0,0,0,0,0,T-30,France,FRA,0,0,0,0,1,0,0,0,0,0,2010,group stage,Group A,1,0,2010-06-11,D
M-2010-03,WC-2010,T-71,South Korea,KOR,2,0,2,1,0,0,0,0,0,0,T-33,Greece,GRC,0,2,-2,0,0,1,0,0,0,0,2010,group stage,Group B,1,0,2010-06-12,W
M-2010-04,WC-2010,T-03,Argentina,ARG,1,0,1,1,0,0,0,0,0,0,T-50,Nigeria,NGA,0,1,-1,0,0,1,0,0,0,0,2010,group stage,Group B,1,0,2010-06-12,W
M-2010-05,WC-2010,T-28,England,ENG,1,1,0,0,1,0,0,0,0,0,T-83,United States,USA,1,1,0,0,1,0,0,0,0,0,2010,group stage,Group C,1,0,2010-06-12,D
M-2010-06,WC-2010,T-01,Algeria,DZA,0,1,-1,0,0,1,0,0,0,0,T-69,Slovenia,SVN,1,0,1,1,0,0,0,0,0,0,2010,group stage,Group C,1,0,2010-06-13,L
M-2010-07,WC-2010,T-66,Serbia,SRB,0,1,-1,0,0,1,0,0,0,0,T-32,Ghana,GHA,1,0,1,1,0,0,0,0,0,0,2010,group stage,Group D,1,0,2010-06-13,L
M-2010-08,WC-2010,T-31,Germany,DEU,4,0,4,1,0,0,0,0,0,0,T-04,Australia,AUS,0,4,-4,0,0,1,0,0,0,0,2010,group stage,Group D,1,0,2010-06-13,W
M-2010-09,WC-2010,T-48,Netherlands,NLD,2,0,2,1,0,0,0,0,0,0,T-22,Denmark,DNK,0,2,-2,0,0,1,0,0,0,0,2010,group stage,Group E,1,0,2010-06-14,W
M-2010-10,WC-2010,T-44,Japan,JPN,1,0,1,1,0,0,0,0,0,0,T-11,Cameroon,CMR,0,1,-1,0,0,1,0,0,0,0,2010,group stage,Group E,1,0,2010-06-14,W
M-2010-11,WC-2010,T-41,Italy,ITA,1,1,0,0,1,0,0,0,0,0,T-55,Paraguay,PRY,1,1,0,0,1,0,0,0,0,0,2010,group stage,Group F,1,0,2010-06-14,D
M-2010-12,WC-2010,T-49,New Zealand,NZL,1,1,0,0,1,0,0,0,0,0,T-68,Slovakia,SVK,1,1,0,0,1,0,0,0,0,0,2010,group stage,Group F,1,0,2010-06-15,D
M-2010-13,WC-2010,T-42,Ivory Coast,CIV,0,0,0,0,1,0,0,0,0,0,T-58,Portugal,PRT,0,0,0,0,1,0,0,0,0,0,2010,group stage,Group G,1,0,2010-06-15,D
M-2010-14,WC-2010,T-09,Brazil,BRA,2,1,1,1,0,0,0,0,0,0,T-51,North Korea,PRK,1,2,-1,0,0,1,0,0,0,0,2010,group stage,Group G,1,0,2010-06-15,W
M-2010-15,WC-2010,T-35,Honduras,HND,0,1,-1,0,0,1,0,0,0,0,T-13,Chile,CHL,1,0,1,1,0,0,0,0,0,0,2010,group stage,Group H,1,0,2010-06-16,L
M-2010-16,WC-2010,T-73,Spain,ESP,0,1,-1,0,0,1,0,0,0,0,T-75,Switzerland,CHE,1,0,1,1,0,0,0,0,0,0,2010,group stage,Group H,1,0,2010-06-16,L
M-2010-17,WC-2010,T-70,South Africa,ZAF,0,3,-3,0,0,1,0,0,0,0,T-84,Uruguay,URY,3,0,3,1,0,0,0,0,0,0,2010,group stage,Group A,1,0,2010-06-16,L
M-2010-18,WC-2010,T-03,Argentina,ARG,4,1,3,1,0,0,0,0,0,0,T-71,South Korea,KOR,1,4,-3,0,0,1,0,0,0,0,2010,group stage,Group B,1,0,2010-06-17,W
M-2010-19,WC-2010,T-33,Greece,GRC,2,1,1,1,0,0,0,0,0,0,T-50,Nigeria,NGA,1,2,-1,0,0,1,0,0,0,0,2010,group stage,Group B,1,0,2010-06-17,W
M-2010-20,WC-2010,T-30,France,FRA,0,2,-2,0,0,1,0,0,0,0,T-46,Mexico,MEX,2,0,2,1,0,0,0,0,0,0,2010,group stage,Group A,1,0,2010-06-17,L
M-2010-21,WC-2010,T-31,Germany,DEU,0,1,-1,0,0,1,0,0,0,0,T-66,Serbia,SRB,1,0,1,1,0,0,0,0,0,0,2010,group stage,Group D,1,0,2010-06-18,L
M-2010-22,WC-2010,T-69,Slovenia,SVN,2,2,0,0,1,0,0,0,0,0,T-83,United States,USA,2,2,0,0,1,0,0,0,0,0,2010,group stage,Group C,1,0,2010-06-18,D
M-2010-23,WC-2010,T-28,England,ENG,0,0,0,0,1,0,0,0,0,0,T-01,Algeria,DZA,0,0,0,0,1,0,0,0,0,0,2010,group stage,Group C,1,0,2010-06-18,D
M-2010-24,WC-2010,T-48,Netherlands,NLD,1,0,1,1,0,0,0,0,0,0,T-44,Japan,JPN,0,1,-1,0,0,1,0,0,0,0,2010,group stage,Group E,1,0,2010-06-19,W
M-2010-25,WC-2010,T-32,Ghana,GHA,1,1,0,0,1,0,0,0,0,0,T-04,Australia,AUS,1,1,0,0,1,0,0,0,0,0,2010,group stage,Group D,1,0,2010-06-19,D
M-2010-26,WC-2010,T-11,Cameroon,CMR,1,2,-1,0,0,1,0,0,0,0,T-22,Denmark,DNK,2,1,1,1,0,0,0,0,0,0,2010,group stage,Group E,1,0,2010-06-19,L
M-2010-27,WC-2010,T-68,Slovakia,SVK,0,2,-2,0,0,1,0,0,0,0,T-55,Paraguay,PRY,2,0,2,1,0,0,0,0,0,0,2010,group stage,Group F,1,0,2010-06-20,L
M-2010-28,WC-2010,T-41,Italy,ITA,1,1,0,0,1,0,0,0,0,0,T-49,New Zealand,NZL,1,1,0,0,1,0,0,0,0,0,2010,group stage,Group F,1,0,2010-06-20,D
M-2010-29,WC-2010,T-09,Brazil,BRA,3,1,2,1,0,0,0,0,0,0,T-42,Ivory Coast,CIV,1,3,-2,0,0,1,0,0,0,0,2010,group stage,Group G,1,0,2010-06-20,W
M-2010-30,WC-2010,T-58,Portugal,PRT,7,0,7,1,0,0,0,0,0,0,T-51,North Korea,PRK,0,7,-7,0,0,1,0,0,0,0,2010,group stage,Group G,1,0,2010-06-21,W
M-2010-31,WC-2010,T-13,Chile,CHL,1,0,1,1,0,0,0,0,0,0,T-75,Switzerland,CHE,0,1,-1,0,0,1,0,0,0,0,2010,group stage,Group H,1,0,2010-06-21,W
M-2010-32,WC-2010,T-73,Spain,ESP,2,0,2,1,0,0,0,0,0,0,T-35,Honduras,HND,0,2,-2,0,0,1,0,0,0,0,2010,group stage,Group H,1,0,2010-06-21,W
M-2010-33,WC-2010,T-30,France,FRA,1,2,-1,0,0,1,0,0,0,0,T-70,South Africa,ZAF,2,1,1,1,0,0,0,0,0,0,2010,group stage,Group A,1,0,2010-06-22,L
M-2010-34,WC-2010,T-46,Mexico,MEX,0,1,-1,0,0,1,0,0,0,0,T-84,Uruguay,URY,1,0,1,1,0,0,0,0,0,0,2010,group stage,Group A,1,0,2010-06-22,L
M-2010-35,WC-2010,T-33,Greece,GRC,0,2,-2,0,0,1,0,0,0,0,T-03,Argentina,ARG,2,0,2,1,0,0,0,0,0,0,2010,group stage,Group B,1,0,2010-06-22,L
M-2010-36,WC-2010,T-50,Nigeria,NGA,2,2,0,0,1,0,0,0,0,0,T-71,South Korea,KOR,2,2,0,0,1,0,0,0,0,0,2010,group stage,Group B,1,0,2010-06-22,D
M-2010-37,WC-2010,T-69,Slovenia,SVN,0,1,-1,0,0,1,0,0,0,0,T-28,England,ENG,1,0,1,1,0,0,0,0,0,0,2010,group stage,Group C,1,0,2010-06-23,L
M-2010-38,WC-2010,T-83,United States,USA,1,0,1,1,0,0,0,0,0,0,T-01,Algeria,DZA,0,1,-1,0,0,1,0,0,0,0,2010,group stage,Group C,1,0,2010-06-23,W
M-2010-39,WC-2010,T-04,Australia,AUS,2,1,1,1,0,0,0,0,0,0,T-66,Serbia,SRB,1,2,-1,0,0,1,0,0,0,0,2010,group stage,Group D,1,0,2010-06-23,W
M-2010-40,WC-2010,T-32,Ghana,GHA,0,1,-1,0,0,1,0,0,0,0,T-31,Germany,DEU,1,0,1,1,0,0,0,0,0,0,2010,group stage,Group D,1,0,2010-06-23,L
M-2010-41,WC-2010,T-55,Paraguay,PRY,0,0,0,0,1,0,0,0,0,0,T-49,New Zealand,NZL,0,0,0,0,1,0,0,0,0,0,2010,group stage,Group F,1,0,2010-06-24,D
M-2010-42,WC-2010,T-68,Slovakia,SVK,3,2,1,1,0,0,0,0,0,0,T-41,Italy,ITA,2,3,-1,0,0,1,0,0,0,0,2010,group stage,Group F,1,0,2010-06-24,W
M-2010-43,WC-2010,T-11,Cameroon,CMR,1,2,-1,0,0,1,0,0,0,0,T-48,Netherlands,NLD,2,1,1,1,0,0,0,0,0,0,2010,group stage,Group E,1,0,2010-06-24,L
M-2010-44,WC-2010,T-22,Denmark,DNK,1,3,-2,0,0,1,0,0,0,0,T-44,Japan,JPN,3,1,2,1,0,0,0,0,0,0,2010,group stage,Group E,1,0,2010-06-24,L
M-2010-45,WC-2010,T-51,North Korea,PRK,0,3,-3,0,0,1,0,0,0,0,T-42,Ivory Coast,CIV,3,0,3,1,0,0,0,0,0,0,2010,group stage,Group G,1,0,2010-06-25,L
M-2010-46,WC-2010,T-58,Portugal,PRT,0,0,0,0,1,0,0,0,0,0,T-09,Brazil,BRA,0,0,0,0,1,0,0,0,0,0,2010,group stage,Group G,1,0,2010-06-25,D
M-2010-47,WC-2010,T-13,Chile,CHL,1,2,-1,0,0,1,0,0,0,0,T-73,Spain,ESP,2,1,1,1,0,0,0,0,0,0,2010,group stage,Group H,1,0,2010-06-25,L
M-2010-48,WC-2010,T-75,Switzerland,CHE,0,0,0,0,1,0,0,0,0,0,T-35,Honduras,HND,0,0,0,0,1,0,0,0,0,0,2010,group stage,Group H,1,0,2010-06-25,D
M-2010-49,WC-2010,T-84,Uruguay,URY,2,1,1,1,0,0,0,0,0,0,T-71,South Korea,KOR,1,2,-1,0,0,1,0,0,0,0,2010,round of 16,not applicable,0,1,2010-06-26,W
M-2010-50,WC-2010,T-83,United States,USA,1,2,-1,0,0,1,1,0,0,0,T-32,Ghana,GHA,2,1,1,1,0,0,1,0,0,0,2010,round of 16,not applicable,0,1,2010-06-26,L
M-2010-51,WC-2010,T-31,Germany,DEU,4,1,3,1,0,0,0,0,0,0,T-28,England,ENG,1,4,-3,0,0,1,0,0,0,0,2010,round of 16,not applicable,0,1,2010-06-27,W
M-2010-52,WC-2010,T-03,Argentina,ARG,3,1,2,1,0,0,0,0,0,0,T-46,Mexico,MEX,1,3,-2,0,0,1,0,0,0,0,2010,round of 16,not applicable,0,1,2010-06-27,W
M-2010-53,WC-2010,T-48,Netherlands,NLD,2,1,1,1,0,0,0,0,0,0,T-68,Slovakia,SVK,1,2,-1,0,0,1,0,0,0,0,2010,round of 16,not applicable,0,1,2010-06-28,W
M-2010-54,WC-2010,T-09,Brazil,BRA,3,0,3,1,0,0,0,0,0,0,T-13,Chile,CHL,0,3,-3,0,0,1,0,0,0,0,2010,round of 16,not applicable,0,1,2010-06-28,W
M-2010-55,WC-2010,T-55,Paraguay,PRY,0,0,0,1,0,0,1,1,5,3,T-44,Japan,JPN,0,0,0,0,0,1,1,1,3,5,2010,round of 16,not applicable,0,1,2010-06-29,W
M-2010-56,WC-2010,T-73,Spain,ESP,1,0,1,1,0,0,0,0,0,0,T-58,Portugal,PRT,0,1,-1,0,0,1,0,0,0,0,2010,round of 16,not applicable,0,1,2010-06-29,W
M-2010-57,WC-2010,T-48,Netherlands,NLD,2,1,1,1,0,0,0,0,0,0,T-09,Brazil,BRA,1,2,-1,0,0,1,0,0,0,0,2010,quarter-finals,not applicable,0,1,2010-07-02,W
M-2010-58,WC-2010,T-84,Uruguay,URY,1,1,0,1,0,0,1,1,4,2,T-32,Ghana,GHA,1,1,0,0,0,1,1,1,2,4,2010,quarter-finals,not applicable,0,1,2010-07-02,W
M-2010-59,WC-2010,T-03,Argentina,ARG,0,4,-4,0,0,1,0,0,0,0,T-31,Germany,DEU,4,0,4,1,0,0,0,0,0,0,2010,quarter-finals,not applicable,0,1,2010-07-03,L
M-2010-60,WC-2010,T-55,Paraguay,PRY,0,1,-1,0,0,1,0,0,0,0,T-73,Spain,ESP,1,0,1,1,0,0,0,0,0,0,2010,quarter-finals,not applicable,0,1,2010-07-03,L
M-2010-61,WC-2010,T-84,Uruguay,URY,2,3,-1,0,0,1,0,0,0,0,T-48,Netherlands,NLD,3,2,1,1,0,0,0,0,0,0,2010,semi-finals,not applicable,0,1,2010-07-06,L
M-2010-62,WC-2010,T-31,Germany,DEU,0,1,-1,0,0,1,0,0,0,0,T-73,Spain,ESP,1,0,1,1,0,0,0,0,0,0,2010,semi-finals,not applicable,0,1,2010-07-07,L
M-2010-63,WC-2010,T-84,Uruguay,URY,2,3,-1,0,0,1,0,0,0,0,T-31,Germany,DEU,3,2,1,1,0,0,0,0,0,0,2010,third-place match,not applicable,0,1,2010-07-10,L
M-2010-64,WC-2010,T-48,Netherlands,NLD,0,1,-1,0,0,1,1,0,0,0,T-73,Spain,ESP,1,0,1,1,0,0,1,0,0,0,2010,final,not applicable,0,1,2010-07-11,L
M-2011-01,WC-2011,T-50,Nigeria,NGA,0,1,-1,0,0,1,0,0,0,0,T-30,France,FRA,1,0,1,1,0,0,0,0,0,0,2011,group stage,Group A,1,0,2011-06-26,L
M-2011-02,WC-2011,T-31,Germany,DEU,2,1,1,1,0,0,0,0,0,0,T-12,Canada,CAN,1,2,-1,0,0,1,0,0,0,0,2011,group stage,Group A,1,0,2011-06-26,W
M-2011-03,WC-2011,T-44,Japan,JPN,2,1,1,1,0,0,0,0,0,0,T-49,New Zealand,NZL,1,2,-1,0,0,1,0,0,0,0,2011,group stage,Group B,1,0,2011-06-27,W
M-2011-04,WC-2011,T-46,Mexico,MEX,1,1,0,0,1,0,0,0,0,0,T-28,England,ENG,1,1,0,0,1,0,0,0,0,0,2011,group stage,Group B,1,0,2011-06-27,D
M-2011-05,WC-2011,T-16,Colombia,COL,0,1,-1,0,0,1,0,0,0,0,T-74,Sweden,SWE,1,0,1,1,0,0,0,0,0,0,2011,group stage,Group C,1,0,2011-06-28,L
M-2011-06,WC-2011,T-83,United States,USA,2,0,2,1,0,0,0,0,0,0,T-51,North Korea,PRK,0,2,-2,0,0,1,0,0,0,0,2011,group stage,Group C,1,0,2011-06-28,W
M-2011-07,WC-2011,T-53,Norway,NOR,1,0,1,1,0,0,0,0,0,0,T-29,Equatorial Guinea,GNQ,0,1,-1,0,0,1,0,0,0,0,2011,group stage,Group D,1,0,2011-06-29,W
M-2011-08,WC-2011,T-09,Brazil,BRA,1,0,1,1,0,0,0,0,0,0,T-04,Australia,AUS,0,1,-1,0,0,1,0,0,0,0,2011,group stage,Group D,1,0,2011-06-29,W
M-2011-09,WC-2011,T-12,Canada,CAN,0,4,-4,0,0,1,0,0,0,0,T-30,France,FRA,4,0,4,1,0,0,0,0,0,0,2011,group stage,Group A,1,0,2011-06-30,L
M-2011-10,WC-2011,T-31,Germany,DEU,1,0,1,1,0,0,0,0,0,0,T-50,Nigeria,NGA,0,1,-1,0,0,1,0,0,0,0,2011,group stage,Group A,1,0,2011-06-30,W
M-2011-11,WC-2011,T-44,Japan,JPN,4,0,4,1,0,0,0,0,0,0,T-46,Mexico,MEX,0,4,-4,0,0,1,0,0,0,0,2011,group stage,Group B,1,0,2011-07-01,W
M-2011-12,WC-2011,T-49,New Zealand,NZL,1,2,-1,0,0,1,0,0,0,0,T-28,England,ENG,2,1,1,1,0,0,0,0,0,0,2011,group stage,Group B,1,0,2011-07-01,L
M-2011-13,WC-2011,T-51,North Korea,PRK,0,1,-1,0,0,1,0,0,0,0,T-74,Sweden,SWE,1,0,1,1,0,0,0,0,0,0,2011,group stage,Group C,1,0,2011-07-02,L
M-2011-14,WC-2011,T-83,United States,USA,3,0,3,1,0,0,0,0,0,0,T-16,Colombia,COL,0,3,-3,0,0,1,0,0,0,0,2011,group stage,Group C,1,0,2011-07-02,W
M-2011-15,WC-2011,T-04,Australia,AUS,3,2,1,1,0,0,0,0,0,0,T-29,Equatorial Guinea,GNQ,2,3,-1,0,0,1,0,0,0,0,2011,group stage,Group D,1,0,2011-07-03,W
M-2011-16,WC-2011,T-09,Brazil,BRA,3,0,3,1,0,0,0,0,0,0,T-53,Norway,NOR,0,3,-3,0,0,1,0,0,0,0,2011,group stage,Group D,1,0,2011-07-03,W
M-2011-17,WC-2011,T-28,England,ENG,2,0,2,1,0,0,0,0,0,0,T-44,Japan,JPN,0,2,-2,0,0,1,0,0,0,0,2011,group stage,Group B,1,0,2011-07-05,W
M-2011-18,WC-2011,T-49,New Zealand,NZL,2,2,0,0,1,0,0,0,0,0,T-46,Mexico,MEX,2,2,0,0,1,0,0,0,0,0,2011,group stage,Group B,1,0,2011-07-05,D
M-2011-19,WC-2011,T-12,Canada,CAN,0,1,-1,0,0,1,0,0,0,0,T-50,Nigeria,NGA,1,0,1,1,0,0,0,0,0,0,2011,group stage,Group A,1,0,2011-07-05,L
M-2011-20,WC-2011,T-30,France,FRA,2,4,-2,0,0,1,0,0,0,0,T-31,Germany,DEU,4,2,2,1,0,0,0,0,0,0,2011,group stage,Group A,1,0,2011-07-05,L
M-2011-21,WC-2011,T-04,Australia,AUS,2,1,1,1,0,0,0,0,0,0,T-53,Norway,NOR,1,2,-1,0,0,1,0,0,0,0,2011,group stage,Group D,1,0,2011-07-06,W
M-2011-22,WC-2011,T-29,Equatorial Guinea,GNQ,0,3,-3,0,0,1,0,0,0,0,T-09,Brazil,BRA,3,0,3,1,0,0,0,0,0,0,2011,group stage,Group D,1,0,2011-07-06,L
M-2011-23,WC-2011,T-51,North Korea,PRK,0,0,0,0,1,0,0,0,0,0,T-16,Colombia,COL,0,0,0,0,1,0,0,0,0,0,2011,group stage,Group C,1,0,2011-07-06,D
M-2011-24,WC-2011,T-74,Sweden,SWE,2,1,1,1,0,0,0,0,0,0,T-83,United States,USA,1,2,-1,0,0,1,0,0,0,0,2011,group stage,Group C,1,0,2011-07-06,W
M-2011-25,WC-2011,T-28,England,ENG,1,1,0,0,0,1,1,1,3,4,T-30,France,FRA,1,1,0,1,0,0,1,1,4,3,2011,quarter-final,not applicable,0,1,2011-07-09,L
M-2011-26,WC-2011,T-31,Germany,DEU,0,1,-1,0,0,1,1,0,0,0,T-44,Japan,JPN,1,0,1,1,0,0,1,0,0,0,2011,quarter-final,not applicable,0,1,2011-07-09,L
M-2011-27,WC-2011,T-74,Sweden,SWE,3,1,2,1,0,0,0,0,0,0,T-04,Australia,AUS,1,3,-2,0,0,1,0,0,0,0,2011,quarter-final,not applicable,0,1,2011-07-10,W
M-2011-28,WC-2011,T-09,Brazil,BRA,2,2,0,0,0,1,1,1,3,5,T-83,United States,USA,2,2,0,1,0,0,1,1,5,3,2011,quarter-final,not applicable,0,1,2011-07-10,L
M-2011-29,WC-2011,T-30,France,FRA,1,3,-2,0,0,1,0,0,0,0,T-83,United States,USA,3,1,2,1,0,0,0,0,0,0,2011,semi-final,not applicable,0,1,2011-07-13,L
M-2011-30,WC-2011,T-44,Japan,JPN,3,1,2,1,0,0,0,0,0,0,T-74,Sweden,SWE,1,3,-2,0,0,1,0,0,0,0,2011,semi-final,not applicable,0,1,2011-07-13,W
M-2011-31,WC-2011,T-74,Sweden,SWE,2,1,1,1,0,0,0,0,0,0,T-30,France,FRA,1,2,-1,0,0,1,0,0,0,0,2011,third-place match,not applicable,0,1,2011-07-16,W
M-2011-32,WC-2011,T-44,Japan,JPN,2,2,0,1,0,0,1,1,3,1,T-83,United States,USA,2,2,0,0,0,1,1,1,1,3,2011,final,not applicable,0,1,2011-07-17,W
M-2014-01,WC-2014,T-09,Brazil,BRA,3,1,2,1,0,0,0,0,0,0,T-18,Croatia,HRV,1,3,-2,0,0,1,0,0,0,0,2014,group stage,Group A,1,0,2014-06-12,W
M-2014-02,WC-2014,T-46,Mexico,MEX,1,0,1,1,0,0,0,0,0,0,T-11,Cameroon,CMR,0,1,-1,0,0,1,0,0,0,0,2014,group stage,Group A,1,0,2014-06-13,W
M-2014-03,WC-2014,T-73,Spain,ESP,1,5,-4,0,0,1,0,0,0,0,T-48,Netherlands,NLD,5,1,4,1,0,0,0,0,0,0,2014,group stage,Group B,1,0,2014-06-13,L
M-2014-04,WC-2014,T-13,Chile,CHL,3,1,2,1,0,0,0,0,0,0,T-04,Australia,AUS,1,3,-2,0,0,1,0,0,0,0,2014,group stage,Group B,1,0,2014-06-13,W
M-2014-05,WC-2014,T-16,Colombia,COL,3,0,3,1,0,0,0,0,0,0,T-33,Greece,GRC,0,3,-3,0,0,1,0,0,0,0,2014,group stage,Group C,1,0,2014-06-14,W
M-2014-06,WC-2014,T-84,Uruguay,URY,1,3,-2,0,0,1,0,0,0,0,T-17,Costa Rica,CRI,3,1,2,1,0,0,0,0,0,0,2014,group stage,Group D,1,0,2014-06-14,L
M-2014-07,WC-2014,T-28,England,ENG,1,2,-1,0,0,1,0,0,0,0,T-41,Italy,ITA,2,1,1,1,0,0,0,0,0,0,2014,group stage,Group D,1,0,2014-06-14,L
M-2014-08,WC-2014,T-42,Ivory Coast,CIV,2,1,1,1,0,0,0,0,0,0,T-44,Japan,JPN,1,2,-1,0,0,1,0,0,0,0,2014,group stage,Group C,1,0,2014-06-14,W
M-2014-09,WC-2014,T-75,Switzerland,CHE,2,1,1,1,0,0,0,0,0,0,T-25,Ecuador,ECU,1,2,-1,0,0,1,0,0,0,0,2014,group stage,Group E,1,0,2014-06-15,W
M-2014-10,WC-2014,T-30,France,FRA,3,0,3,1,0,0,0,0,0,0,T-35,Honduras,HND,0,3,-3,0,0,1,0,0,0,0,2014,group stage,Group E,1,0,2014-06-15,W
M-2014-11,WC-2014,T-03,Argentina,ARG,2,1,1,1,0,0,0,0,0,0,T-08,Bosnia and Herzegovina,BIH,1,2,-1,0,0,1,0,0,0,0,2014,group stage,Group F,1,0,2014-06-15,W
M-2014-12,WC-2014,T-31,Germany,DEU,4,0,4,1,0,0,0,0,0,0,T-58,Portugal,PRT,0,4,-4,0,0,1,0,0,0,0,2014,group stage,Group G,1,0,2014-06-16,W
M-2014-13,WC-2014,T-38,Iran,IRN,0,0,0,0,1,0,0,0,0,0,T-50,Nigeria,NGA,0,0,0,0,1,0,0,0,0,0,2014,group stage,Group F,1,0,2014-06-16,D
M-2014-14,WC-2014,T-32,Ghana,GHA,1,2,-1,0,0,1,0,0,0,0,T-83,United States,USA,2,1,1,1,0,0,0,0,0,0,2014,group stage,Group G,1,0,2014-06-16,L
M-2014-15,WC-2014,T-06,Belgium,BEL,2,1,1,1,0,0,0,0,0,0,T-01,Algeria,DZA,1,2,-1,0,0,1,0,0,0,0,2014,group stage,Group H,1,0,2014-06-17,W
M-2014-16,WC-2014,T-09,Brazil,BRA,0,0,0,0,1,0,0,0,0,0,T-46,Mexico,MEX,0,0,0,0,1,0,0,0,0,0,2014,group stage,Group A,1,0,2014-06-17,D
M-2014-17,WC-2014,T-62,Russia,RUS,1,1,0,0,1,0,0,0,0,0,T-71,South Korea,KOR,1,1,0,0,1,0,0,0,0,0,2014,group stage,Group H,1,0,2014-06-17,D
M-2014-18,WC-2014,T-04,Australia,AUS,2,3,-1,0,0,1,0,0,0,0,T-48,Netherlands,NLD,3,2,1,1,0,0,0,0,0,0,2014,group stage,Group B,1,0,2014-06-18,L
M-2014-19,WC-2014,T-73,Spain,ESP,0,2,-2,0,0,1,0,0,0,0,T-13,Chile,CHL,2,0,2,1,0,0,0,0,0,0,2014,group stage,Group B,1,0,2014-06-18,L
M-2014-20,WC-2014,T-11,Cameroon,CMR,0,4,-4,0,0,1,0,0,0,0,T-18,Croatia,HRV,4,0,4,1,0,0,0,0,0,0,2014,group stage,Group A,1,0,2014-06-18,L
M-2014-21,WC-2014,T-16,Colombia,COL,2,1,1,1,0,0,0,0,0,0,T-42,Ivory Coast,CIV,1,2,-1,0,0,1,0,0,0,0,2014,group stage,Group C,1,0,2014-06-19,W
M-2014-22,WC-2014,T-84,Uruguay,URY,2,1,1,1,0,0,0,0,0,0,T-28,England,ENG,1,2,-1,0,0,1,0,0,0,0,2014,group stage,Group D,1,0,2014-06-19,W
M-2014-23,WC-2014,T-44,Japan,JPN,0,0,0,0,1,0,0,0,0,0,T-33,Greece,GRC,0,0,0,0,1,0,0,0,0,0,2014,group stage,Group C,1,0,2014-06-19,D
M-2014-24,WC-2014,T-41,Italy,ITA,0,1,-1,0,0,1,0,0,0,0,T-17,Costa Rica,CRI,1,0,1,1,0,0,0,0,0,0,2014,group stage,Group D,1,0,2014-06-20,L
M-2014-25,WC-2014,T-75,Switzerland,CHE,2,5,-3,0,0,1,0,0,0,0,T-30,France,FRA,5,2,3,1,0,0,0,0,0,0,2014,group stage,Group E,1,0,2014-06-20,L
M-2014-26,WC-2014,T-35,Honduras,HND,1,2,-1,0,0,1,0,0,0,0,T-25,Ecuador,ECU,2,1,1,1,0,0,0,0,0,0,2014,group stage,Group E,1,0,2014-06-20,L
M-2014-27,WC-2014,T-03,Argentina,ARG,1,0,1,1,0,0,0,0,0,0,T-38,Iran,IRN,0,1,-1,0,0,1,0,0,0,0,2014,group stage,Group F,1,0,2014-06-21,W
M-2014-28,WC-2014,T-31,Germany,DEU,2,2,0,0,1,0,0,0,0,0,T-32,Ghana,GHA,2,2,0,0,1,0,0,0,0,0,2014,group stage,Group G,1,0,2014-06-21,D
M-2014-29,WC-2014,T-50,Nigeria,NGA,1,0,1,1,0,0,0,0,0,0,T-08,Bosnia and Herzegovina,BIH,0,1,-1,0,0,1,0,0,0,0,2014,group stage,Group F,1,0,2014-06-21,W
M-2014-30,WC-2014,T-06,Belgium,BEL,1,0,1,1,0,0,0,0,0,0,T-62,Russia,RUS,0,1,-1,0,0,1,0,0,0,0,2014,group stage,Group H,1,0,2014-06-22,W
M-2014-31,WC-2014,T-71,South Korea,KOR,2,4,-2,0,0,1,0,0,0,0,T-01,Algeria,DZA,4,2,2,1,0,0,0,0,0,0,2014,group stage,Group H,1,0,2014-06-22,L
M-2014-32,WC-2014,T-83,United States,USA,2,2,0,0,1,0,0,0,0,0,T-58,Portugal,PRT,2,2,0,0,1,0,0,0,0,0,2014,group stage,Group G,1,0,2014-06-22,D
M-2014-33,WC-2014,T-04,Australia,AUS,0,3,-3,0,0,1,0,0,0,0,T-73,Spain,ESP,3,0,3,1,0,0,0,0,0,0,2014,group stage,Group B,1,0,2014-06-23,L
M-2014-34,WC-2014,T-48,Netherlands,NLD,2,0,2,1,0,0,0,0,0,0,T-13,Chile,CHL,0,2,-2,0,0,1,0,0,0,0,2014,group stage,Group B,1,0,2014-06-23,W
M-2014-35,WC-2014,T-11,Cameroon,CMR,1,4,-3,0,0,1,0,0,0,0,T-09,Brazil,BRA,4,1,3,1,0,0,0,0,0,0,2014,group stage,Group A,1,0,2014-06-23,L
M-2014-36,WC-2014,T-18,Croatia,HRV,1,3,-2,0,0,1,0,0,0,0,T-46,Mexico,MEX,3,1,2,1,0,0,0,0,0,0,2014,group stage,Group A,1,0,2014-06-23,L
M-2014-37,WC-2014,T-17,Costa Rica,CRI,0,0,0,0,1,0,0,0,0,0,T-28,England,ENG,0,0,0,0,1,0,0,0,0,0,2014,group stage,Group D,1,0,2014-06-24,D
M-2014-38,WC-2014,T-41,Italy,ITA,0,1,-1,0,0,1,0,0,0,0,T-84,Uruguay,URY,1,0,1,1,0,0,0,0,0,0,2014,group stage,Group D,1,0,2014-06-24,L
M-2014-39,WC-2014,T-44,Japan,JPN,1,4,-3,0,0,1,0,0,0,0,T-16,Colombia,COL,4,1,3,1,0,0,0,0,0,0,2014,group stage,Group C,1,0,2014-06-24,L
M-2014-40,WC-2014,T-33,Greece,GRC,2,1,1,1,0,0,0,0,0,0,T-42,Ivory Coast,CIV,1,2,-1,0,0,1,0,0,0,0,2014,group stage,Group C,1,0,2014-06-24,W
M-2014-41,WC-2014,T-08,Bosnia and Herzegovina,BIH,3,1,2,1,0,0,0,0,0,0,T-38,Iran,IRN,1,3,-2,0,0,1,0,0,0,0,2014,group stage,Group F,1,0,2014-06-25,W
M-2014-42,WC-2014,T-50,Nigeria,NGA,2,3,-1,0,0,1,0,0,0,0,T-03,Argentina,ARG,3,2,1,1,0,0,0,0,0,0,2014,group stage,Group F,1,0,2014-06-25,L
M-2014-43,WC-2014,T-35,Honduras,HND,0,3,-3,0,0,1,0,0,0,0,T-75,Switzerland,CHE,3,0,3,1,0,0,0,0,0,0,2014,group stage,Group E,1,0,2014-06-25,L
M-2014-44,WC-2014,T-25,Ecuador,ECU,0,0,0,0,1,0,0,0,0,0,T-30,France,FRA,0,0,0,0,1,0,0,0,0,0,2014,group stage,Group E,1,0,2014-06-25,D
M-2014-45,WC-2014,T-58,Portugal,PRT,2,1,1,1,0,0,0,0,0,0,T-32,Ghana,GHA,1,2,-1,0,0,1,0,0,0,0,2014,group stage,Group G,1,0,2014-06-26,W
M-2014-46,WC-2014,T-83,United States,USA,0,1,-1,0,0,1,0,0,0,0,T-31,Germany,DEU,1,0,1,1,0,0,0,0,0,0,2014,group stage,Group G,1,0,2014-06-26,L
M-2014-47,WC-2014,T-01,Algeria,DZA,1,1,0,0,1,0,0,0,0,0,T-62,Russia,RUS,1,1,0,0,1,0,0,0,0,0,2014,group stage,Group H,1,0,2014-06-26,D
M-2014-48,WC-2014,T-71,South Korea,KOR,0,1,-1,0,0,1,0,0,0,0,T-06,Belgium,BEL,1,0,1,1,0,0,0,0,0,0,2014,group stage,Group H,1,0,2014-06-26,L
M-2014-49,WC-2014,T-09,Brazil,BRA,1,1,0,1,0,0,1,1,3,2,T-13,Chile,CHL,1,1,0,0,0,1,1,1,2,3,2014,round of 16,not applicable,0,1,2014-06-28,W
M-2014-50,WC-2014,T-16,Colombia,COL,2,0,2,1,0,0,0,0,0,0,T-84,Uruguay,URY,0,2,-2,0,0,1,0,0,0,0,2014,round of 16,not applicable,0,1,2014-06-28,W
M-2014-51,WC-2014,T-48,Netherlands,NLD,2,1,1,1,0,0,0,0,0,0,T-46,Mexico,MEX,1,2,-1,0,0,1,0,0,0,0,2014,round of 16,not applicable,0,1,2014-06-29,W
M-2014-52,WC-2014,T-17,Costa Rica,CRI,1,1,0,1,0,0,1,1,5,3,T-33,Greece,GRC,1,1,0,0,0,1,1,1,3,5,2014,round of 16,not applicable,0,1,2014-06-29,W
M-2014-53,WC-2014,T-30,France,FRA,2,0,2,1,0,0,0,0,0,0,T-50,Nigeria,NGA,0,2,-2,0,0,1,0,0,0,0,2014,round of 16,not applicable,0,1,2014-06-30,W
M-2014-54,WC-2014,T-31,Germany,DEU,2,1,1,1,0,0,1,0,0,0,T-01,Algeria,DZA,1,2,-1,0,0,1,1,0,0,0,2014,round of 16,not applicable,0,1,2014-06-30,W
M-2014-55,WC-2014,T-03,Argentina,ARG,1,0,1,1,0,0,1,0,0,0,T-75,Switzerland,CHE,0,1,-1,0,0,1,1,0,0,0,2014,round of 16,not applicable,0,1,2014-07-01,W
M-2014-56,WC-2014,T-06,Belgium,BEL,2,1,1,1,0,0,1,0,0,0,T-83,United States,USA,1,2,-1,0,0,1,1,0,0,0,2014,round of 16,not applicable,0,1,2014-07-01,W
M-2014-57,WC-2014,T-30,France,FRA,0,1,-1,0,0,1,0,0,0,0,T-31,Germany,DEU,1,0,1,1,0,0,0,0,0,0,2014,quarter-finals,not applicable,0,1,2014-07-04,L
M-2014-58,WC-2014,T-09,Brazil,BRA,2,1,1,1,0,0,0,0,0,0,T-16,Colombia,COL,1,2,-1,0,0,1,0,0,0,0,2014,quarter-finals,not applicable,0,1,2014-07-04,W
M-2014-59,WC-2014,T-03,Argentina,ARG,1,0,1,1,0,0,0,0,0,0,T-06,Belgium,BEL,0,1,-1,0,0,1,0,0,0,0,2014,quarter-finals,not applicable,0,1,2014-07-05,W
M-2014-60,WC-2014,T-48,Netherlands,NLD,0,0,0,1,0,0,1,1,4,3,T-17,Costa Rica,CRI,0,0,0,0,0,1,1,1,3,4,2014,quarter-finals,not applicable,0,1,2014-07-05,W
M-2014-61,WC-2014,T-09,Brazil,BRA,1,7,-6,0,0,1,0,0,0,0,T-31,Germany,DEU,7,1,6,1,0,0,0,0,0,0,2014,semi-finals,not applicable,0,1,2014-07-08,L
M-2014-62,WC-2014,T-48,Netherlands,NLD,0,0,0,0,0,1,1,1,2,4,T-03,Argentina,ARG,0,0,0,1,0,0,1,1,4,2,2014,semi-finals,not applicable,0,1,2014-07-09,L
M-2014-63,WC-2014,T-09,Brazil,BRA,0,3,-3,0,0,1,0,0,0,0,T-48,Netherlands,NLD,3,0,3,1,0,0,0,0,0,0,2014,third-place match,not applicable,0,1,2014-07-12,L
M-2014-64,WC-2014,T-31,Germany,DEU,1,0,1,1,0,0,1,0,0,0,T-03,Argentina,ARG,0,1,-1,0,0,1,1,0,0,0,2014,final,not applicable,0,1,2014-07-13,W
M-2015-01,WC-2015,T-12,Canada,CAN,1,0,1,1,0,0,0,0,0,0,T-14,China,CHN,0,1,-1,0,0,1,0,0,0,0,2015,group stage,Group A,1,0,2015-06-06,W
M-2015-02,WC-2015,T-49,New Zealand,NZL,0,1,-1,0,0,1,0,0,0,0,T-48,Netherlands,NLD,1,0,1,1,0,0,0,0,0,0,2015,group stage,Group A,1,0,2015-06-06,L
M-2015-03,WC-2015,T-53,Norway,NOR,4,0,4,1,0,0,0,0,0,0,T-76,Thailand,THA,0,4,-4,0,0,1,0,0,0,0,2015,group stage,Group B,1,0,2015-06-07,W
M-2015-04,WC-2015,T-31,Germany,DEU,10,0,10,1,0,0,0,0,0,0,T-42,Ivory Coast,CIV,0,10,-10,0,0,1,0,0,0,0,2015,group stage,Group B,1,0,2015-06-07,W
M-2015-05,WC-2015,T-74,Sweden,SWE,3,3,0,0,1,0,0,0,0,0,T-50,Nigeria,NGA,3,3,0,0,1,0,0,0,0,0,2015,group stage,Group D,1,0,2015-06-08,D
M-2015-06,WC-2015,T-11,Cameroon,CMR,6,0,6,1,0,0,0,0,0,0,T-25,Ecuador,ECU,0,6,-6,0,0,1,0,0,0,0,2015,group stage,Group c,1,0,2015-06-08,W
M-2015-07,WC-2015,T-83,United States,USA,3,1,2,1,0,0,0,0,0,0,T-04,Australia,AUS,1,3,-2,0,0,1,0,0,0,0,2015,group stage,Group D,1,0,2015-06-08,W
M-2015-08,WC-2015,T-44,Japan,JPN,1,0,1,1,0,0,0,0,0,0,T-75,Switzerland,CHE,0,1,-1,0,0,1,0,0,0,0,2015,group stage,Group C,1,0,2015-06-08,W
M-2015-09,WC-2015,T-30,France,FRA,1,0,1,1,0,0,0,0,0,0,T-28,England,ENG,0,1,-1,0,0,1,0,0,0,0,2015,group stage,Group F,1,0,2015-06-09,W
M-2015-10,WC-2015,T-73,Spain,ESP,1,1,0,0,1,0,0,0,0,0,T-17,Costa Rica,CRI,1,1,0,0,1,0,0,0,0,0,2015,group stage,Group E,1,0,2015-06-09,D
M-2015-11,WC-2015,T-16,Colombia,COL,1,1,0,0,1,0,0,0,0,0,T-46,Mexico,MEX,1,1,0,0,1,0,0,0,0,0,2015,group stage,Group F,1,0,2015-06-09,D
M-2015-12,WC-2015,T-09,Brazil,BRA,2,0,2,1,0,0,0,0,0,0,T-71,South Korea,KOR,0,2,-2,0,0,1,0,0,0,0,2015,group stage,Group E,1,0,2015-06-09,W
M-2015-13,WC-2015,T-14,China,CHN,1,0,1,1,0,0,0,0,0,0,T-48,Netherlands,NLD,0,1,-1,0,0,1,0,0,0,0,2015,group stage,Group A,1,0,2015-06-11,W
M-2015-14,WC-2015,T-31,Germany,DEU,1,1,0,0,1,0,0,0,0,0,T-53,Norway,NOR,1,1,0,0,1,0,0,0,0,0,2015,group stage,Group B,1,0,2015-06-11,D
M-2015-15,WC-2015,T-12,Canada,CAN,0,0,0,0,1,0,0,0,0,0,T-49,New Zealand,NZL,0,0,0,0,1,0,0,0,0,0,2015,group stage,Group A,1,0,2015-06-11,D
M-2015-16,WC-2015,T-42,Ivory Coast,CIV,2,3,-1,0,0,1,0,0,0,0,T-76,Thailand,THA,3,2,1,1,0,0,0,0,0,0,2015,group stage,Group B,1,0,2015-06-11,L
M-2015-17,WC-2015,T-75,Switzerland,CHE,10,1,9,1,0,0,0,0,0,0,T-25,Ecuador,ECU,1,10,-9,0,0,1,0,0,0,0,2015,group stage,Group C,1,0,2015-06-12,W
M-2015-18,WC-2015,T-04,Australia,AUS,2,0,2,1,0,0,0,0,0,0,T-50,Nigeria,NGA,0,2,-2,0,0,1,0,0,0,0,2015,group stage,Group D,1,0,2015-06-12,W
M-2015-19,WC-2015,T-44,Japan,JPN,2,1,1,1,0,0,0,0,0,0,T-11,Cameroon,CMR,1,2,-1,0,0,1,0,0,0,0,2015,group stage,Group C,1,0,2015-06-12,W
M-2015-20,WC-2015,T-83,United States,USA,0,0,0,0,1,0,0,0,0,0,T-74,Sweden,SWE,0,0,0,0,1,0,0,0,0,0,2015,group stage,Group D,1,0,2015-06-12,D
M-2015-21,WC-2015,T-30,France,FRA,0,2,-2,0,0,1,0,0,0,0,T-16,Colombia,COL,2,0,2,1,0,0,0,0,0,0,2015,group stage,Group F,1,0,2015-06-13,L
M-2015-22,WC-2015,T-09,Brazil,BRA,1,0,1,1,0,0,0,0,0,0,T-73,Spain,ESP,0,1,-1,0,0,1,0,0,0,0,2015,group stage,Group E,1,0,2015-06-13,W
M-2015-23,WC-2015,T-28,England,ENG,2,1,1,1,0,0,0,0,0,0,T-46,Mexico,MEX,1,2,-1,0,0,1,0,0,0,0,2015,group stage,Group F,1,0,2015-06-13,W
M-2015-24,WC-2015,T-71,South Korea,KOR,2,2,0,0,1,0,0,0,0,0,T-17,Costa Rica,CRI,2,2,0,0,1,0,0,0,0,0,2015,group stage,Group E,1,0,2015-06-13,D
M-2015-25,WC-2015,T-76,Thailand,THA,0,4,-4,0,0,1,0,0,0,0,T-31,Germany,DEU,4,0,4,1,0,0,0,0,0,0,2015,group stage,Group B,1,0,2015-06-15,L
M-2015-26,WC-2015,T-42,Ivory Coast,CIV,1,3,-2,0,0,1,0,0,0,0,T-53,Norway,NOR,3,1,2,1,0,0,0,0,0,0,2015,group stage,Group B,1,0,2015-06-15,L
M-2015-27,WC-2015,T-14,China,CHN,2,2,0,0,1,0,0,0,0,0,T-49,New Zealand,NZL,2,2,0,0,1,0,0,0,0,0,2015,group stage,Group A,1,0,2015-06-15,D
M-2015-28,WC-2015,T-48,Netherlands,NLD,1,1,0,0,1,0,0,0,0,0,T-12,Canada,CAN,1,1,0,0,1,0,0,0,0,0,2015,group stage,Group A,1,0,2015-06-15,D
M-2015-29,WC-2015,T-75,Switzerland,CHE,1,2,-1,0,0,1,0,0,0,0,T-11,Cameroon,CMR,2,1,1,1,0,0,0,0,0,0,2015,group stage,Group C,1,0,2015-06-16,L
M-2015-30,WC-2015,T-25,Ecuador,ECU,0,1,-1,0,0,1,0,0,0,0,T-44,Japan,JPN,1,0,1,1,0,0,0,0,0,0,2015,group stage,Group C,1,0,2015-06-16,L
M-2015-31,WC-2015,T-50,Nigeria,NGA,0,1,-1,0,0,1,0,0,0,0,T-83,United States,USA,1,0,1,1,0,0,0,0,0,0,2015,group stage,Group D,1,0,2015-06-16,L
M-2015-32,WC-2015,T-04,Australia,AUS,1,1,0,0,1,0,0,0,0,0,T-74,Sweden,SWE,1,1,0,0,1,0,0,0,0,0,2015,group stage,Group D,1,0,2015-06-16,D
M-2015-33,WC-2015,T-28,England,ENG,2,1,1,1,0,0,0,0,0,0,T-16,Colombia,COL,1,2,-1,0,0,1,0,0,0,0,2015,group stage,Group F,1,0,2015-06-17,W
M-2015-34,WC-2015,T-46,Mexico,MEX,0,5,-5,0,0,1,0,0,0,0,T-30,France,FRA,5,0,5,1,0,0,0,0,0,0,2015,group stage,Group F,1,0,2015-06-17,L
M-2015-35,WC-2015,T-71,South Korea,KOR,2,1,1,1,0,0,0,0,0,0,T-73,Spain,ESP,1,2,-1,0,0,1,0,0,0,0,2015,group stage,Group E,1,0,2015-06-17,W
M-2015-36,WC-2015,T-17,Costa Rica,CRI,0,1,-1,0,0,1,0,0,0,0,T-09,Brazil,BRA,1,0,1,1,0,0,0,0,0,0,2015,group stage,Group E,1,0,2015-06-17,L
M-2015-37,WC-2015,T-31,Germany,DEU,4,1,3,1,0,0,0,0,0,0,T-74,Sweden,SWE,1,4,-3,0,0,1,0,0,0,0,2015,round of 16,not applicable,0,1,2015-06-20,W
M-2015-38,WC-2015,T-14,China,CHN,1,0,1,1,0,0,0,0,0,0,T-11,Cameroon,CMR,0,1,-1,0,0,1,0,0,0,0,2015,round of 16,not applicable,0,1,2015-06-20,W
M-2015-39,WC-2015,T-09,Brazil,BRA,0,1,-1,0,0,1,0,0,0,0,T-04,Australia,AUS,1,0,1,1,0,0,0,0,0,0,2015,round of 16,not applicable,0,1,2015-06-21,L
M-2015-40,WC-2015,T-30,France,FRA,3,0,3,1,0,0,0,0,0,0,T-71,South Korea,KOR,0,3,-3,0,0,1,0,0,0,0,2015,round of 16,not applicable,0,1,2015-06-21,W
M-2015-41,WC-2015,T-12,Canada,CAN,1,0,1,1,0,0,0,0,0,0,T-75,Switzerland,CHE,0,1,-1,0,0,1,0,0,0,0,2015,round of 16,not applicable,0,1,2015-06-21,W
M-2015-42,WC-2015,T-53,Norway,NOR,1,2,-1,0,0,1,0,0,0,0,T-28,England,ENG,2,1,1,1,0,0,0,0,0,0,2015,round of 16,not applicable,0,1,2015-06-22,L
M-2015-43,WC-2015,T-83,United States,USA,2,0,2,1,0,0,0,0,0,0,T-16,Colombia,COL,0,2,-2,0,0,1,0,0,0,0,2015,round of 16,not applicable,0,1,2015-06-22,W
M-2015-44,WC-2015,T-44,Japan,JPN,2,1,1,1,0,0,0,0,0,0,T-48,Netherlands,NLD,1,2,-1,0,0,1,0,0,0,0,2015,round of 16,not applicable,0,1,2015-06-23,W
M-2015-45,WC-2015,T-31,Germany,DEU,1,1,0,1,0,0,1,1,5,4,T-30,France,FRA,1,1,0,0,0,1,1,1,4,5,2015,quarter-final,not applicable,0,1,2015-06-26,W
M-2015-46,WC-2015,T-14,China,CHN,0,1,-1,0,0,1,0,0,0,0,T-83,United States,USA,1,0,1,1,0,0,0,0,0,0,2015,quarter-final,not applicable,0,1,2015-06-26,L
M-2015-47,WC-2015,T-04,Australia,AUS,0,1,-1,0,0,1,0,0,0,0,T-44,Japan,JPN,1,0,1,1,0,0,0,0,0,0,2015,quarter-final,not applicable,0,1,2015-06-27,L
M-2015-48,WC-2015,T-28,England,ENG,2,1,1,1,0,0,0,0,0,0,T-12,Canada,CAN,1,2,-1,0,0,1,0,0,0,0,2015,quarter-final,not applicable,0,1,2015-06-27,W
M-2015-49,WC-2015,T-83,United States,USA,2,0,2,1,0,0,0,0,0,0,T-31,Germany,DEU,0,2,-2,0,0,1,0,0,0,0,2015,semi-final,not applicable,0,1,2015-06-30,W
M-2015-50,WC-2015,T-44,Japan,JPN,2,1,1,1,0,0,0,0,0,0,T-28,England,ENG,1,2,-1,0,0,1,0,0,0,0,2015,semi-final,not applicable,0,1,2015-07-01,W
M-2015-51,WC-2015,T-31,Germany,DEU,0,1,-1,0,0,1,1,0,0,0,T-28,England,ENG,1,0,1,1,0,0,1,0,0,0,2015,third-place match,not applicable,0,1,2015-07-04,L
M-2015-52,WC-2015,T-83,United States,USA,5,2,3,1,0,0,0,0,0,0,T-44,Japan,JPN,2,5,-3,0,0,1,0,0,0,0,2015,final,not applicable,0,1,2015-07-05,W
M-2018-01,WC-2018,T-62,Russia,RUS,5,0,5,1,0,0,0,0,0,0,T-63,Saudi Arabia,SAU,0,5,-5,0,0,1,0,0,0,0,2018,group stage,Group A,1,0,2018-06-14,W
M-2018-02,WC-2018,T-26,Egypt,EGY,0,1,-1,0,0,1,0,0,0,0,T-84,Uruguay,URY,1,0,1,1,0,0,0,0,0,0,2018,group stage,Group A,1,0,2018-06-15,L
M-2018-03,WC-2018,T-47,Morocco,MAR,0,1,-1,0,0,1,0,0,0,0,T-38,Iran,IRN,1,0,1,1,0,0,0,0,0,0,2018,group stage,Group B,1,0,2018-06-15,L
M-2018-04,WC-2018,T-58,Portugal,PRT,3,3,0,0,1,0,0,0,0,0,T-73,Spain,ESP,3,3,0,0,1,0,0,0,0,0,2018,group stage,Group B,1,0,2018-06-15,D
M-2018-05,WC-2018,T-30,France,FRA,2,1,1,1,0,0,0,0,0,0,T-04,Australia,AUS,1,2,-1,0,0,1,0,0,0,0,2018,group stage,Group C,1,0,2018-06-16,W
M-2018-06,WC-2018,T-03,Argentina,ARG,1,1,0,0,1,0,0,0,0,0,T-37,Iceland,ISL,1,1,0,0,1,0,0,0,0,0,2018,group stage,Group D,1,0,2018-06-16,D
M-2018-07,WC-2018,T-56,Peru,PER,0,1,-1,0,0,1,0,0,0,0,T-22,Denmark,DNK,1,0,1,1,0,0,0,0,0,0,2018,group stage,Group C,1,0,2018-06-16,L
M-2018-08,WC-2018,T-18,Croatia,HRV,2,0,2,1,0,0,0,0,0,0,T-50,Nigeria,NGA,0,2,-2,0,0,1,0,0,0,0,2018,group stage,Group D,1,0,2018-06-16,W
M-2018-09,WC-2018,T-17,Costa Rica,CRI,0,1,-1,0,0,1,0,0,0,0,T-66,Serbia,SRB,1,0,1,1,0,0,0,0,0,0,2018,group stage,Group E,1,0,2018-06-17,L
M-2018-10,WC-2018,T-31,Germany,DEU,0,1,-1,0,0,1,0,0,0,0,T-46,Mexico,MEX,1,0,1,1,0,0,0,0,0,0,2018,group stage,Group F,1,0,2018-06-17,L
M-2018-11,WC-2018,T-09,Brazil,BRA,1,1,0,0,1,0,0,0,0,0,T-75,Switzerland,CHE,1,1,0,0,1,0,0,0,0,0,2018,group stage,Group E,1,0,2018-06-17,D
M-2018-12,WC-2018,T-74,Sweden,SWE,1,0,1,1,0,0,0,0,0,0,T-71,South Korea,KOR,0,1,-1,0,0,1,0,0,0,0,2018,group stage,Group F,1,0,2018-06-18,W
M-2018-13,WC-2018,T-06,Belgium,BEL,3,0,3,1,0,0,0,0,0,0,T-54,Panama,PAN,0,3,-3,0,0,1,0,0,0,0,2018,group stage,Group G,1,0,2018-06-18,W
M-2018-14,WC-2018,T-79,Tunisia,TUN,1,2,-1,0,0,1,0,0,0,0,T-28,England,ENG,2,1,1,1,0,0,0,0,0,0,2018,group stage,Group G,1,0,2018-06-18,L
M-2018-15,WC-2018,T-16,Colombia,COL,1,2,-1,0,0,1,0,0,0,0,T-44,Japan,JPN,2,1,1,1,0,0,0,0,0,0,2018,group stage,Group H,1,0,2018-06-19,L
M-2018-16,WC-2018,T-57,Poland,POL,1,2,-1,0,0,1,0,0,0,0,T-65,Senegal,SEN,2,1,1,1,0,0,0,0,0,0,2018,group stage,Group H,1,0,2018-06-19,L
M-2018-17,WC-2018,T-62,Russia,RUS,3,1,2,1,0,0,0,0,0,0,T-26,Egypt,EGY,1,3,-2,0,0,1,0,0,0,0,2018,group stage,Group A,1,0,2018-06-19,W
M-2018-18,WC-2018,T-58,Portugal,PRT,1,0,1,1,0,0,0,0,0,0,T-47,Morocco,MAR,0,1,-1,0,0,1,0,0,0,0,2018,group stage,Group B,1,0,2018-06-20,W
M-2018-19,WC-2018,T-84,Uruguay,URY,1,0,1,1,0,0,0,0,0,0,T-63,Saudi Arabia,SAU,0,1,-1,0,0,1,0,0,0,0,2018,group stage,Group A,1,0,2018-06-20,W
M-2018-20,WC-2018,T-38,Iran,IRN,0,1,-1,0,0,1,0,0,0,0,T-73,Spain,ESP,1,0,1,1,0,0,0,0,0,0,2018,group stage,Group B,1,0,2018-06-20,L
M-2018-21,WC-2018,T-22,Denmark,DNK,1,1,0,0,1,0,0,0,0,0,T-04,Australia,AUS,1,1,0,0,1,0,0,0,0,0,2018,group stage,Group C,1,0,2018-06-21,D
M-2018-22,WC-2018,T-30,France,FRA,1,0,1,1,0,0,0,0,0,0,T-56,Peru,PER,0,1,-1,0,0,1,0,0,0,0,2018,group stage,Group C,1,0,2018-06-21,W
M-2018-23,WC-2018,T-03,Argentina,ARG,0,3,-3,0,0,1,0,0,0,0,T-18,Croatia,HRV,3,0,3,1,0,0,0,0,0,0,2018,group stage,Group D,1,0,2018-06-21,L
M-2018-24,WC-2018,T-09,Brazil,BRA,2,0,2,1,0,0,0,0,0,0,T-17,Costa Rica,CRI,0,2,-2,0,0,1,0,0,0,0,2018,group stage,Group E,1,0,2018-06-22,W
M-2018-25,WC-2018,T-50,Nigeria,NGA,2,0,2,1,0,0,0,0,0,0,T-37,Iceland,ISL,0,2,-2,0,0,1,0,0,0,0,2018,group stage,Group D,1,0,2018-06-22,W
M-2018-26,WC-2018,T-66,Serbia,SRB,1,2,-1,0,0,1,0,0,0,0,T-75,Switzerland,CHE,2,1,1,1,0,0,0,0,0,0,2018,group stage,Group E,1,0,2018-06-22,L
M-2018-27,WC-2018,T-06,Belgium,BEL,5,2,3,1,0,0,0,0,0,0,T-79,Tunisia,TUN,2,5,-3,0,0,1,0,0,0,0,2018,group stage,Group G,1,0,2018-06-23,W
M-2018-28,WC-2018,T-71,South Korea,KOR,1,2,-1,0,0,1,0,0,0,0,T-46,Mexico,MEX,2,1,1,1,0,0,0,0,0,0,2018,group stage,Group F,1,0,2018-06-23,L
M-2018-29,WC-2018,T-31,Germany,DEU,2,1,1,1,0,0,0,0,0,0,T-74,Sweden,SWE,1,2,-1,0,0,1,0,0,0,0,2018,group stage,Group F,1,0,2018-06-23,W
M-2018-30,WC-2018,T-28,England,ENG,6,1,5,1,0,0,0,0,0,0,T-54,Panama,PAN,1,6,-5,0,0,1,0,0,0,0,2018,group stage,Group G,1,0,2018-06-24,W
M-2018-31,WC-2018,T-44,Japan,JPN,2,2,0,0,1,0,0,0,0,0,T-65,Senegal,SEN,2,2,0,0,1,0,0,0,0,0,2018,group stage,Group H,1,0,2018-06-24,D
M-2018-32,WC-2018,T-57,Poland,POL,0,3,-3,0,0,1,0,0,0,0,T-16,Colombia,COL,3,0,3,1,0,0,0,0,0,0,2018,group stage,Group H,1,0,2018-06-24,L
M-2018-33,WC-2018,T-63,Saudi Arabia,SAU,2,1,1,1,0,0,0,0,0,0,T-26,Egypt,EGY,1,2,-1,0,0,1,0,0,0,0,2018,group stage,Group A,1,0,2018-06-25,W
M-2018-34,WC-2018,T-84,Uruguay,URY,3,0,3,1,0,0,0,0,0,0,T-62,Russia,RUS,0,3,-3,0,0,1,0,0,0,0,2018,group stage,Group A,1,0,2018-06-25,W
M-2018-35,WC-2018,T-73,Spain,ESP,2,2,0,0,1,0,0,0,0,0,T-47,Morocco,MAR,2,2,0,0,1,0,0,0,0,0,2018,group stage,Group B,1,0,2018-06-25,D
M-2018-36,WC-2018,T-38,Iran,IRN,1,1,0,0,1,0,0,0,0,0,T-58,Portugal,PRT,1,1,0,0,1,0,0,0,0,0,2018,group stage,Group B,1,0,2018-06-25,D
M-2018-37,WC-2018,T-04,Australia,AUS,0,2,-2,0,0,1,0,0,0,0,T-56,Peru,PER,2,0,2,1,0,0,0,0,0,0,2018,group stage,Group C,1,0,2018-06-26,L
M-2018-38,WC-2018,T-22,Denmark,DNK,0,0,0,0,1,0,0,0,0,0,T-30,France,FRA,0,0,0,0,1,0,0,0,0,0,2018,group stage,Group C,1,0,2018-06-26,D
M-2018-39,WC-2018,T-37,Iceland,ISL,1,2,-1,0,0,1,0,0,0,0,T-18,Croatia,HRV,2,1,1,1,0,0,0,0,0,0,2018,group stage,Group D,1,0,2018-06-26,L
M-2018-40,WC-2018,T-50,Nigeria,NGA,1,2,-1,0,0,1,0,0,0,0,T-03,Argentina,ARG,2,1,1,1,0,0,0,0,0,0,2018,group stage,Group D,1,0,2018-06-26,L
M-2018-41,WC-2018,T-71,South Korea,KOR,2,0,2,1,0,0,0,0,0,0,T-31,Germany,DEU,0,2,-2,0,0,1,0,0,0,0,2018,group stage,Group F,1,0,2018-06-27,W
M-2018-42,WC-2018,T-46,Mexico,MEX,0,3,-3,0,0,1,0,0,0,0,T-74,Sweden,SWE,3,0,3,1,0,0,0,0,0,0,2018,group stage,Group F,1,0,2018-06-27,L
M-2018-43,WC-2018,T-66,Serbia,SRB,0,2,-2,0,0,1,0,0,0,0,T-09,Brazil,BRA,2,0,2,1,0,0,0,0,0,0,2018,group stage,Group E,1,0,2018-06-27,L
M-2018-44,WC-2018,T-75,Switzerland,CHE,2,2,0,0,1,0,0,0,0,0,T-17,Costa Rica,CRI,2,2,0,0,1,0,0,0,0,0,2018,group stage,Group E,1,0,2018-06-27,D
M-2018-45,WC-2018,T-44,Japan,JPN,0,1,-1,0,0,1,0,0,0,0,T-57,Poland,POL,1,0,1,1,0,0,0,0,0,0,2018,group stage,Group H,1,0,2018-06-28,L
M-2018-46,WC-2018,T-65,Senegal,SEN,0,1,-1,0,0,1,0,0,0,0,T-16,Colombia,COL,1,0,1,1,0,0,0,0,0,0,2018,group stage,Group H,1,0,2018-06-28,L
M-2018-47,WC-2018,T-28,England,ENG,0,1,-1,0,0,1,0,0,0,0,T-06,Belgium,BEL,1,0,1,1,0,0,0,0,0,0,2018,group stage,Group G,1,0,2018-06-28,L
M-2018-48,WC-2018,T-54,Panama,PAN,1,2,-1,0,0,1,0,0,0,0,T-79,Tunisia,TUN,2,1,1,1,0,0,0,0,0,0,2018,group stage,Group G,1,0,2018-06-28,L
M-2018-49,WC-2018,T-30,France,FRA,4,3,1,1,0,0,0,0,0,0,T-03,Argentina,ARG,3,4,-1,0,0,1,0,0,0,0,2018,round of 16,not applicable,0,1,2018-06-30,W
M-2018-50,WC-2018,T-84,Uruguay,URY,2,1,1,1,0,0,0,0,0,0,T-58,Portugal,PRT,1,2,-1,0,0,1,0,0,0,0,2018,round of 16,not applicable,0,1,2018-06-30,W
M-2018-51,WC-2018,T-73,Spain,ESP,1,1,0,0,0,1,1,1,3,4,T-62,Russia,RUS,1,1,0,1,0,0,1,1,4,3,2018,round of 16,not applicable,0,1,2018-07-01,L
M-2018-52,WC-2018,T-18,Croatia,HRV,1,1,0,1,0,0,1,1,3,2,T-22,Denmark,DNK,1,1,0,0,0,1,1,1,2,3,2018,round of 16,not applicable,0,1,2018-07-01,W
M-2018-53,WC-2018,T-09,Brazil,BRA,2,0,2,1,0,0,0,0,0,0,T-46,Mexico,MEX,0,2,-2,0,0,1,0,0,0,0,2018,round of 16,not applicable,0,1,2018-07-02,W
M-2018-54,WC-2018,T-06,Belgium,BEL,3,2,1,1,0,0,0,0,0,0,T-44,Japan,JPN,2,3,-1,0,0,1,0,0,0,0,2018,round of 16,not applicable,0,1,2018-07-02,W
M-2018-55,WC-2018,T-74,Sweden,SWE,1,0,1,1,0,0,0,0,0,0,T-75,Switzerland,CHE,0,1,-1,0,0,1,0,0,0,0,2018,round of 16,not applicable,0,1,2018-07-03,W
M-2018-56,WC-2018,T-16,Colombia,COL,1,1,0,0,0,1,1,1,3,4,T-28,England,ENG,1,1,0,1,0,0,1,1,4,3,2018,round of 16,not applicable,0,1,2018-07-03,L
M-2018-57,WC-2018,T-84,Uruguay,URY,0,2,-2,0,0,1,0,0,0,0,T-30,France,FRA,2,0,2,1,0,0,0,0,0,0,2018,quarter-finals,not applicable,0,1,2018-07-06,L
M-2018-58,WC-2018,T-09,Brazil,BRA,1,2,-1,0,0,1,0,0,0,0,T-06,Belgium,BEL,2,1,1,1,0,0,0,0,0,0,2018,quarter-finals,not applicable,0,1,2018-07-06,L
M-2018-59,WC-2018,T-74,Sweden,SWE,0,2,-2,0,0,1,0,0,0,0,T-28,England,ENG,2,0,2,1,0,0,0,0,0,0,2018,quarter-finals,not applicable,0,1,2018-07-07,L
M-2018-60,WC-2018,T-62,Russia,RUS,2,2,0,0,0,1,1,1,3,4,T-18,Croatia,HRV,2,2,0,1,0,0,1,1,4,3,2018,quarter-finals,not applicable,0,1,2018-07-07,L
M-2018-61,WC-2018,T-30,France,FRA,1,0,1,1,0,0,0,0,0,0,T-06,Belgium,BEL,0,1,-1,0,0,1,0,0,0,0,2018,semi-finals,not applicable,0,1,2018-07-10,W
M-2018-62,WC-2018,T-18,Croatia,HRV,2,1,1,1,0,0,1,0,0,0,T-28,England,ENG,1,2,-1,0,0,1,1,0,0,0,2018,semi-finals,not applicable,0,1,2018-07-11,W
M-2018-63,WC-2018,T-06,Belgium,BEL,2,0,2,1,0,0,0,0,0,0,T-28,England,ENG,0,2,-2,0,0,1,0,0,0,0,2018,third-place match,not applicable,0,1,2018-07-14,W
M-2018-64,WC-2018,T-30,France,FRA,4,2,2,1,0,0,0,0,0,0,T-18,Croatia,HRV,2,4,-2,0,0,1,0,0,0,0,2018,final,not applicable,0,1,2018-07-15,W
M-2019-01,WC-2019,T-30,France,FRA,4,0,4,1,0,0,0,0,0,0,T-71,South Korea,KOR,0,4,-4,0,0,1,0,0,0,0,2019,group stage,Group A,1,0,2019-06-07,W
M-2019-02,WC-2019,T-31,Germany,DEU,1,0,1,1,0,0,0,0,0,0,T-14,China,CHN,0,1,-1,0,0,1,0,0,0,0,2019,group stage,Group B,1,0,2019-06-08,W
M-2019-03,WC-2019,T-73,Spain,ESP,3,1,2,1,0,0,0,0,0,0,T-70,South Africa,ZAF,1,3,-2,0,0,1,0,0,0,0,2019,group stage,Group B,1,0,2019-06-08,W
M-2019-04,WC-2019,T-53,Norway,NOR,3,0,3,1,0,0,0,0,0,0,T-50,Nigeria,NGA,0,3,-3,0,0,1,0,0,0,0,2019,group stage,Group A,1,0,2019-06-08,W
M-2019-05,WC-2019,T-04,Australia,AUS,1,2,-1,0,0,1,0,0,0,0,T-41,Italy,ITA,2,1,1,1,0,0,0,0,0,0,2019,group stage,Group C,1,0,2019-06-09,L
M-2019-06,WC-2019,T-09,Brazil,BRA,3,0,3,1,0,0,0,0,0,0,T-43,Jamaica,JAM,0,3,-3,0,0,1,0,0,0,0,2019,group stage,Group C,1,0,2019-06-09,W
M-2019-07,WC-2019,T-28,England,ENG,2,1,1,1,0,0,0,0,0,0,T-64,Scotland,SCO,1,2,-1,0,0,1,0,0,0,0,2019,group stage,Group D,1,0,2019-06-09,W
M-2019-08,WC-2019,T-03,Argentina,ARG,0,0,0,0,1,0,0,0,0,0,T-44,Japan,JPN,0,0,0,0,1,0,0,0,0,0,2019,group stage,Group D,1,0,2019-06-10,D
M-2019-09,WC-2019,T-12,Canada,CAN,1,0,1,1,0,0,0,0,0,0,T-11,Cameroon,CMR,0,1,-1,0,0,1,0,0,0,0,2019,group stage,Group E,1,0,2019-06-10,W
M-2019-10,WC-2019,T-49,New Zealand,NZL,0,1,-1,0,0,1,0,0,0,0,T-48,Netherlands,NLD,1,0,1,1,0,0,0,0,0,0,2019,group stage,Group E,1,0,2019-06-11,L
M-2019-11,WC-2019,T-13,Chile,CHL,0,2,-2,0,0,1,0,0,0,0,T-74,Sweden,SWE,2,0,2,1,0,0,0,0,0,0,2019,group stage,Group F,1,0,2019-06-11,L
M-2019-12,WC-2019,T-83,United States,USA,13,0,13,1,0,0,0,0,0,0,T-76,Thailand,THA,0,13,-13,0,0,1,0,0,0,0,2019,group stage,Group F,1,0,2019-06-11,W
M-2019-13,WC-2019,T-50,Nigeria,NGA,2,0,2,1,0,0,0,0,0,0,T-71,South Korea,KOR,0,2,-2,0,0,1,0,0,0,0,2019,group stage,Group A,1,0,2019-06-12,W
M-2019-14,WC-2019,T-31,Germany,DEU,1,0,1,1,0,0,0,0,0,0,T-73,Spain,ESP,0,1,-1,0,0,1,0,0,0,0,2019,group stage,Group B,1,0,2019-06-12,W
M-2019-15,WC-2019,T-30,France,FRA,2,1,1,1,0,0,0,0,0,0,T-53,Norway,NOR,1,2,-1,0,0,1,0,0,0,0,2019,group stage,Group A,1,0,2019-06-12,W
M-2019-16,WC-2019,T-04,Australia,AUS,3,2,1,1,0,0,0,0,0,0,T-09,Brazil,BRA,2,3,-1,0,0,1,0,0,0,0,2019,group stage,Group C,1,0,2019-06-13,W
M-2019-17,WC-2019,T-70,South Africa,ZAF,0,1,-1,0,0,1,0,0,0,0,T-14,China,CHN,1,0,1,1,0,0,0,0,0,0,2019,group stage,Group B,1,0,2019-06-13,L
M-2019-18,WC-2019,T-44,Japan,JPN,2,1,1,1,0,0,0,0,0,0,T-64,Scotland,SCO,1,2,-1,0,0,1,0,0,0,0,2019,group stage,Group D,1,0,2019-06-14,W
M-2019-19,WC-2019,T-43,Jamaica,JAM,0,5,-5,0,0,1,0,0,0,0,T-41,Italy,ITA,5,0,5,1,0,0,0,0,0,0,2019,group stage,Group C,1,0,2019-06-14,L
M-2019-20,WC-2019,T-28,England,ENG,1,0,1,1,0,0,0,0,0,0,T-03,Argentina,ARG,0,1,-1,0,0,1,0,0,0,0,2019,group stage,Group D,1,0,2019-06-14,W
M-2019-21,WC-2019,T-48,Netherlands,NLD,3,1,2,1,0,0,0,0,0,0,T-11,Cameroon,CMR,1,3,-2,0,0,1,0,0,0,0,2019,group stage,Group E,1,0,2019-06-15,W
M-2019-22,WC-2019,T-12,Canada,CAN,2,0,2,1,0,0,0,0,0,0,T-49,New Zealand,NZL,0,2,-2,0,0,1,0,0,0,0,2019,group stage,Group E,1,0,2019-06-15,W
M-2019-23,WC-2019,T-74,Sweden,SWE,5,1,4,1,0,0,0,0,0,0,T-76,Thailand,THA,1,5,-4,0,0,1,0,0,0,0,2019,group stage,Group F,1,0,2019-06-16,W
M-2019-24,WC-2019,T-83,United States,USA,3,0,3,1,0,0,0,0,0,0,T-13,Chile,CHL,0,3,-3,0,0,1,0,0,0,0,2019,group stage,Group F,1,0,2019-06-16,W
M-2019-25,WC-2019,T-14,China,CHN,0,0,0,0,1,0,0,0,0,0,T-73,Spain,ESP,0,0,0,0,1,0,0,0,0,0,2019,group stage,Group B,1,0,2019-06-17,D
M-2019-26,WC-2019,T-70,South Africa,ZAF,0,4,-4,0,0,1,0,0,0,0,T-31,Germany,DEU,4,0,4,1,0,0,0,0,0,0,2019,group stage,Group B,1,0,2019-06-17,L
M-2019-27,WC-2019,T-50,Nigeria,NGA,0,1,-1,0,0,1,0,0,0,0,T-30,France,FRA,1,0,1,1,0,0,0,0,0,0,2019,group stage,Group A,1,0,2019-06-17,L
M-2019-28,WC-2019,T-71,South Korea,KOR,1,2,-1,0,0,1,0,0,0,0,T-53,Norway,NOR,2,1,1,1,0,0,0,0,0,0,2019,group stage,Group A,1,0,2019-06-17,L
M-2019-29,WC-2019,T-41,Italy,ITA,0,1,-1,0,0,1,0,0,0,0,T-09,Brazil,BRA,1,0,1,1,0,0,0,0,0,0,2019,group stage,Group C,1,0,2019-06-18,L
M-2019-30,WC-2019,T-43,Jamaica,JAM,1,4,-3,0,0,1,0,0,0,0,T-04,Australia,AUS,4,1,3,1,0,0,0,0,0,0,2019,group stage,Group C,1,0,2019-06-18,L
M-2019-31,WC-2019,T-44,Japan,JPN,0,2,-2,0,0,1,0,0,0,0,T-28,England,ENG,2,0,2,1,0,0,0,0,0,0,2019,group stage,Group D,1,0,2019-06-19,L
M-2019-32,WC-2019,T-64,Scotland,SCO,3,3,0,0,1,0,0,0,0,0,T-03,Argentina,ARG,3,3,0,0,1,0,0,0,0,0,2019,group stage,Group D,1,0,2019-06-19,D
M-2019-33,WC-2019,T-11,Cameroon,CMR,2,1,1,1,0,0,0,0,0,0,T-49,New Zealand,NZL,1,2,-1,0,0,1,0,0,0,0,2019,group stage,Group E,1,0,2019-06-20,W
M-2019-34,WC-2019,T-48,Netherlands,NLD,2,1,1,1,0,0,0,0,0,0,T-12,Canada,CAN,1,2,-1,0,0,1,0,0,0,0,2019,group stage,Group E,1,0,2019-06-20,W
M-2019-35,WC-2019,T-74,Sweden,SWE,0,2,-2,0,0,1,0,0,0,0,T-83,United States,USA,2,0,2,1,0,0,0,0,0,0,2019,group stage,Group F,1,0,2019-06-20,L
M-2019-36,WC-2019,T-76,Thailand,THA,0,2,-2,0,0,1,0,0,0,0,T-13,Chile,CHL,2,0,2,1,0,0,0,0,0,0,2019,group stage,Group F,1,0,2019-06-20,L
M-2019-37,WC-2019,T-31,Germany,DEU,3,0,3,1,0,0,0,0,0,0,T-50,Nigeria,NGA,0,3,-3,0,0,1,0,0,0,0,2019,round of 16,not applicable,0,1,2019-06-22,W
M-2019-38,WC-2019,T-53,Norway,NOR,1,1,0,1,0,0,1,1,4,1,T-04,Australia,AUS,1,1,0,0,0,1,1,1,1,4,2019,round of 16,not applicable,0,1,2019-06-22,W
M-2019-39,WC-2019,T-28,England,ENG,3,0,3,1,0,0,0,0,0,0,T-11,Cameroon,CMR,0,3,-3,0,0,1,0,0,0,0,2019,round of 16,not applicable,0,1,2019-06-23,W
M-2019-40,WC-2019,T-30,France,FRA,2,1,1,1,0,0,1,0,0,0,T-09,Brazil,BRA,1,2,-1,0,0,1,1,0,0,0,2019,round of 16,not applicable,0,1,2019-06-23,W
M-2019-41,WC-2019,T-73,Spain,ESP,1,2,-1,0,0,1,0,0,0,0,T-83,United States,USA,2,1,1,1,0,0,0,0,0,0,2019,round of 16,not applicable,0,1,2019-06-24,L
M-2019-42,WC-2019,T-74,Sweden,SWE,1,0,1,1,0,0,0,0,0,0,T-12,Canada,CAN,0,1,-1,0,0,1,0,0,0,0,2019,round of 16,not applicable,0,1,2019-06-24,W
M-2019-43,WC-2019,T-41,Italy,ITA,2,0,2,1,0,0,0,0,0,0,T-14,China,CHN,0,2,-2,0,0,1,0,0,0,0,2019,round of 16,not applicable,0,1,2019-06-25,W
M-2019-44,WC-2019,T-48,Netherlands,NLD,2,1,1,1,0,0,0,0,0,0,T-44,Japan,JPN,1,2,-1,0,0,1,0,0,0,0,2019,round of 16,not applicable,0,1,2019-06-25,W
M-2019-45,WC-2019,T-53,Norway,NOR,0,3,-3,0,0,1,0,0,0,0,T-28,England,ENG,3,0,3,1,0,0,0,0,0,0,2019,quarter-final,not applicable,0,1,2019-06-27,L
M-2019-46,WC-2019,T-30,France,FRA,1,2,-1,0,0,1,0,0,0,0,T-83,United States,USA,2,1,1,1,0,0,0,0,0,0,2019,quarter-final,not applicable,0,1,2019-06-28,L
M-2019-47,WC-2019,T-41,Italy,ITA,0,2,-2,0,0,1,0,0,0,0,T-48,Netherlands,NLD,2,0,2,1,0,0,0,0,0,0,2019,quarter-final,not applicable,0,1,2019-06-29,L
M-2019-48,WC-2019,T-31,Germany,DEU,1,2,-1,0,0,1,0,0,0,0,T-74,Sweden,SWE,2,1,1,1,0,0,0,0,0,0,2019,quarter-final,not applicable,0,1,2019-06-29,L
M-2019-49,WC-2019,T-28,England,ENG,1,2,-1,0,0,1,0,0,0,0,T-83,United States,USA,2,1,1,1,0,0,0,0,0,0,2019,semi-final,not applicable,0,1,2019-07-02,L
M-2019-50,WC-2019,T-48,Netherlands,NLD,1,0,1,1,0,0,1,0,0,0,T-74,Sweden,SWE,0,1,-1,0,0,1,1,0,0,0,2019,semi-final,not applicable,0,1,2019-07-03,W
M-2019-51,WC-2019,T-28,England,ENG,1,2,-1,0,0,1,0,0,0,0,T-74,Sweden,SWE,2,1,1,1,0,0,0,0,0,0,2019,third-place match,not applicable,0,1,2019-07-06,L
M-2019-52,WC-2019,T-83,United States,USA,2,0,2,1,0,0,0,0,0,0,T-48,Netherlands,NLD,0,2,-2,0,0,1,0,0,0,0,2019,final,not applicable,0,1,2019-07-07,W
M-2022-01,WC-2022,T-59,Qatar,QAT,0,2,-2,0,0,1,0,0,0,0,T-25,Ecuador,ECU,2,0,2,1,0,0,0,0,0,0,2022,group stage,Group A,1,0,2022-11-20,L
M-2022-02,WC-2022,T-28,England,ENG,6,2,4,1,0,0,0,0,0,0,T-38,Iran,IRN,2,6,-4,0,0,1,0,0,0,0,2022,group stage,Group B,1,0,2022-11-21,W
M-2022-03,WC-2022,T-65,Senegal,SEN,0,2,-2,0,0,1,0,0,0,0,T-48,Netherlands,NLD,2,0,2,1,0,0,0,0,0,0,2022,group stage,Group A,1,0,2022-11-21,L
M-2022-04,WC-2022,T-83,United States,USA,1,1,0,0,1,0,0,0,0,0,T-85,Wales,WAL,1,1,0,0,1,0,0,0,0,0,2022,group stage,Group B,1,0,2022-11-21,D
M-2022-05,WC-2022,T-03,Argentina,ARG,1,2,-1,0,0,1,0,0,0,0,T-63,Saudi Arabia,SAU,2,1,1,1,0,0,0,0,0,0,2022,group stage,Group C,1,0,2022-11-22,L
M-2022-06,WC-2022,T-22,Denmark,DNK,0,0,0,0,1,0,0,0,0,0,T-79,Tunisia,TUN,0,0,0,0,1,0,0,0,0,0,2022,group stage,Group D,1,0,2022-11-22,D
M-2022-07,WC-2022,T-46,Mexico,MEX,0,0,0,0,1,0,0,0,0,0,T-57,Poland,POL,0,0,0,0,1,0,0,0,0,0,2022,group stage,Group C,1,0,2022-11-22,D
M-2022-08,WC-2022,T-30,France,FRA,4,1,3,1,0,0,0,0,0,0,T-04,Australia,AUS,1,4,-3,0,0,1,0,0,0,0,2022,group stage,Group D,1,0,2022-11-22,W
M-2022-09,WC-2022,T-47,Morocco,MAR,0,0,0,0,1,0,0,0,0,0,T-18,Croatia,HRV,0,0,0,0,1,0,0,0,0,0,2022,group stage,Group F,1,0,2022-11-23,D
M-2022-10,WC-2022,T-31,Germany,DEU,1,2,-1,0,0,1,0,0,0,0,T-44,Japan,JPN,2,1,1,1,0,0,0,0,0,0,2022,group stage,Group E,1,0,2022-11-23,L
M-2022-11,WC-2022,T-73,Spain,ESP,7,0,7,1,0,0,0,0,0,0,T-17,Costa Rica,CRI,0,7,-7,0,0,1,0,0,0,0,2022,group stage,Group E,1,0,2022-11-23,W
M-2022-12,WC-2022,T-06,Belgium,BEL,1,0,1,1,0,0,0,0,0,0,T-12,Canada,CAN,0,1,-1,0,0,1,0,0,0,0,2022,group stage,Group F,1,0,2022-11-23,W
M-2022-13,WC-2022,T-75,Switzerland,CHE,1,0,1,1,0,0,0,0,0,0,T-11,Cameroon,CMR,0,1,-1,0,0,1,0,0,0,0,2022,group stage,Group G,1,0,2022-11-24,W
M-2022-14,WC-2022,T-84,Uruguay,URY,0,0,0,0,1,0,0,0,0,0,T-71,South Korea,KOR,0,0,0,0,1,0,0,0,0,0,2022,group stage,Group H,1,0,2022-11-24,D
M-2022-15,WC-2022,T-58,Portugal,PRT,3,2,1,1,0,0,0,0,0,0,T-32,Ghana,GHA,2,3,-1,0,0,1,0,0,0,0,2022,group stage,Group H,1,0,2022-11-24,W
M-2022-16,WC-2022,T-09,Brazil,BRA,2,0,2,1,0,0,0,0,0,0,T-66,Serbia,SRB,0,2,-2,0,0,1,0,0,0,0,2022,group stage,Group G,1,0,2022-11-24,W
M-2022-17,WC-2022,T-85,Wales,WAL,0,2,-2,0,0,1,0,0,0,0,T-38,Iran,IRN,2,0,2,1,0,0,0,0,0,0,2022,group stage,Group B,1,0,2022-11-25,L
M-2022-18,WC-2022,T-59,Qatar,QAT,1,3,-2,0,0,1,0,0,0,0,T-65,Senegal,SEN,3,1,2,1,0,0,0,0,0,0,2022,group stage,Group A,1,0,2022-11-25,L
M-2022-19,WC-2022,T-48,Netherlands,NLD,1,1,0,0,1,0,0,0,0,0,T-25,Ecuador,ECU,1,1,0,0,1,0,0,0,0,0,2022,group stage,Group A,1,0,2022-11-25,D
M-2022-20,WC-2022,T-28,England,ENG,0,0,0,0,1,0,0,0,0,0,T-83,United States,USA,0,0,0,0,1,0,0,0,0,0,2022,group stage,Group B,1,0,2022-11-25,D
M-2022-21,WC-2022,T-79,Tunisia,TUN,0,1,-1,0,0,1,0,0,0,0,T-04,Australia,AUS,1,0,1,1,0,0,0,0,0,0,2022,group stage,Group D,1,0,2022-11-26,L
M-2022-22,WC-2022,T-57,Poland,POL,2,0,2,1,0,0,0,0,0,0,T-63,Saudi Arabia,SAU,0,2,-2,0,0,1,0,0,0,0,2022,group stage,Group C,1,0,2022-11-26,W
M-2022-23,WC-2022,T-30,France,FRA,2,1,1,1,0,0,0,0,0,0,T-22,Denmark,DNK,1,2,-1,0,0,1,0,0,0,0,2022,group stage,Group D,1,0,2022-11-26,W
M-2022-24,WC-2022,T-03,Argentina,ARG,2,0,2,1,0,0,0,0,0,0,T-46,Mexico,MEX,0,2,-2,0,0,1,0,0,0,0,2022,group stage,Group C,1,0,2022-11-26,W
M-2022-25,WC-2022,T-44,Japan,JPN,0,1,-1,0,0,1,0,0,0,0,T-17,Costa Rica,CRI,1,0,1,1,0,0,0,0,0,0,2022,group stage,Group E,1,0,2022-11-27,L
M-2022-26,WC-2022,T-06,Belgium,BEL,0,2,-2,0,0,1,0,0,0,0,T-47,Morocco,MAR,2,0,2,1,0,0,0,0,0,0,2022,group stage,Group F,1,0,2022-11-27,L
M-2022-27,WC-2022,T-18,Croatia,HRV,4,1,3,1,0,0,0,0,0,0,T-12,Canada,CAN,1,4,-3,0,0,1,0,0,0,0,2022,group stage,Group F,1,0,2022-11-27,W
M-2022-28,WC-2022,T-73,Spain,ESP,1,1,0,0,1,0,0,0,0,0,T-31,Germany,DEU,1,1,0,0,1,0,0,0,0,0,2022,group stage,Group E,1,0,2022-11-27,D
M-2022-29,WC-2022,T-11,Cameroon,CMR,3,3,0,0,1,0,0,0,0,0,T-66,Serbia,SRB,3,3,0,0,1,0,0,0,0,0,2022,group stage,Group G,1,0,2022-11-28,D
M-2022-30,WC-2022,T-71,South Korea,KOR,2,3,-1,0,0,1,0,0,0,0,T-32,Ghana,GHA,3,2,1,1,0,0,0,0,0,0,2022,group stage,Group H,1,0,2022-11-28,L
M-2022-31,WC-2022,T-09,Brazil,BRA,1,0,1,1,0,0,0,0,0,0,T-75,Switzerland,CHE,0,1,-1,0,0,1,0,0,0,0,2022,group stage,Group G,1,0,2022-11-28,W
M-2022-32,WC-2022,T-58,Portugal,PRT,2,0,2,1,0,0,0,0,0,0,T-84,Uruguay,URY,0,2,-2,0,0,1,0,0,0,0,2022,group stage,Group H,1,0,2022-11-28,W
M-2022-33,WC-2022,T-25,Ecuador,ECU,1,2,-1,0,0,1,0,0,0,0,T-65,Senegal,SEN,2,1,1,1,0,0,0,0,0,0,2022,group stage,Group A,1,0,2022-11-29,L
M-2022-34,WC-2022,T-48,Netherlands,NLD,2,0,2,1,0,0,0,0,0,0,T-59,Qatar,QAT,0,2,-2,0,0,1,0,0,0,0,2022,group stage,Group A,1,0,2022-11-29,W
M-2022-35,WC-2022,T-38,Iran,IRN,0,1,-1,0,0,1,0,0,0,0,T-83,United States,USA,1,0,1,1,0,0,0,0,0,0,2022,group stage,Group B,1,0,2022-11-29,L
M-2022-36,WC-2022,T-85,Wales,WAL,0,3,-3,0,0,1,0,0,0,0,T-28,England,ENG,3,0,3,1,0,0,0,0,0,0,2022,group stage,Group B,1,0,2022-11-29,L
M-2022-37,WC-2022,T-04,Australia,AUS,1,0,1,1,0,0,0,0,0,0,T-22,Denmark,DNK,0,1,-1,0,0,1,0,0,0,0,2022,group stage,Group D,1,0,2022-11-30,W
M-2022-38,WC-2022,T-79,Tunisia,TUN,1,0,1,1,0,0,0,0,0,0,T-30,France,FRA,0,1,-1,0,0,1,0,0,0,0,2022,group stage,Group D,1,0,2022-11-30,W
M-2022-39,WC-2022,T-57,Poland,POL,0,2,-2,0,0,1,0,0,0,0,T-03,Argentina,ARG,2,0,2,1,0,0,0,0,0,0,2022,group stage,Group C,1,0,2022-11-30,L
M-2022-40,WC-2022,T-63,Saudi Arabia,SAU,1,2,-1,0,0,1,0,0,0,0,T-46,Mexico,MEX,2,1,1,1,0,0,0,0,0,0,2022,group stage,Group C,1,0,2022-11-30,L
M-2022-41,WC-2022,T-12,Canada,CAN,1,2,-1,0,0,1,0,0,0,0,T-47,Morocco,MAR,2,1,1,1,0,0,0,0,0,0,2022,group stage,Group F,1,0,2022-12-01,L
M-2022-42,WC-2022,T-18,Croatia,HRV,0,0,0,0,1,0,0,0,0,0,T-06,Belgium,BEL,0,0,0,0,1,0,0,0,0,0,2022,group stage,Group F,1,0,2022-12-01,D
M-2022-43,WC-2022,T-17,Costa Rica,CRI,2,4,-2,0,0,1,0,0,0,0,T-31,Germany,DEU,4,2,2,1,0,0,0,0,0,0,2022,group stage,Group E,1,0,2022-12-01,L
M-2022-44,WC-2022,T-44,Japan,JPN,2,1,1,1,0,0,0,0,0,0,T-73,Spain,ESP,1,2,-1,0,0,1,0,0,0,0,2022,group stage,Group E,1,0,2022-12-01,W
M-2022-45,WC-2022,T-32,Ghana,GHA,0,2,-2,0,0,1,0,0,0,0,T-84,Uruguay,URY,2,0,2,1,0,0,0,0,0,0,2022,group stage,Group H,1,0,2022-12-02,L
M-2022-46,WC-2022,T-71,South Korea,KOR,2,1,1,1,0,0,0,0,0,0,T-58,Portugal,PRT,1,2,-1,0,0,1,0,0,0,0,2022,group stage,Group H,1,0,2022-12-02,W
M-2022-47,WC-2022,T-11,Cameroon,CMR,1,0,1,1,0,0,0,0,0,0,T-09,Brazil,BRA,0,1,-1,0,0,1,0,0,0,0,2022,group stage,Group G,1,0,2022-12-02,W
M-2022-48,WC-2022,T-66,Serbia,SRB,2,3,-1,0,0,1,0,0,0,0,T-75,Switzerland,CHE,3,2,1,1,0,0,0,0,0,0,2022,group stage,Group G,1,0,2022-12-02,L
M-2022-49,WC-2022,T-48,Netherlands,NLD,3,1,2,1,0,0,0,0,0,0,T-83,United States,USA,1,3,-2,0,0,1,0,0,0,0,2022,round of 16,not applicable,0,1,2022-12-03,W
M-2022-50,WC-2022,T-03,Argentina,ARG,2,1,1,1,0,0,0,0,0,0,T-04,Australia,AUS,1,2,-1,0,0,1,0,0,0,0,2022,round of 16,not applicable,0,1,2022-12-03,W
M-2022-51,WC-2022,T-30,France,FRA,3,1,2,1,0,0,0,0,0,0,T-57,Poland,POL,1,3,-2,0,0,1,0,0,0,0,2022,round of 16,not applicable,0,1,2022-12-04,W
M-2022-52,WC-2022,T-28,England,ENG,3,0,3,1,0,0,0,0,0,0,T-65,Senegal,SEN,0,3,-3,0,0,1,0,0,0,0,2022,round of 16,not applicable,0,1,2022-12-04,W
M-2022-53,WC-2022,T-44,Japan,JPN,1,1,0,0,0,1,1,1,1,3,T-18,Croatia,HRV,1,1,0,1,0,0,1,1,3,1,2022,round of 16,not applicable,0,1,2022-12-05,L
M-2022-54,WC-2022,T-09,Brazil,BRA,4,1,3,1,0,0,0,0,0,0,T-71,South Korea,KOR,1,4,-3,0,0,1,0,0,0,0,2022,round of 16,not applicable,0,1,2022-12-05,W
M-2022-55,WC-2022,T-47,Morocco,MAR,0,0,0,1,0,0,1,1,3,0,T-73,Spain,ESP,0,0,0,0,0,1,1,1,0,3,2022,round of 16,not applicable,0,1,2022-12-06,W
M-2022-56,WC-2022,T-58,Portugal,PRT,6,1,5,1,0,0,0,0,0,0,T-75,Switzerland,CHE,1,6,-5,0,0,1,0,0,0,0,2022,round of 16,not applicable,0,1,2022-12-06,W
M-2022-57,WC-2022,T-18,Croatia,HRV,1,1,0,1,0,0,1,1,4,2,T-09,Brazil,BRA,1,1,0,0,0,1,1,1,2,4,2022,quarter-finals,not applicable,0,1,2022-12-09,W
M-2022-58,WC-2022,T-48,Netherlands,NLD,2,2,0,0,0,1,1,1,3,4,T-03,Argentina,ARG,2,2,0,1,0,0,1,1,4,3,2022,quarter-finals,not applicable,0,1,2022-12-09,L
M-2022-59,WC-2022,T-47,Morocco,MAR,1,0,1,1,0,0,0,0,0,0,T-58,Portugal,PRT,0,1,-1,0,0,1,0,0,0,0,2022,quarter-finals,not applicable,0,1,2022-12-10,W
M-2022-60,WC-2022,T-28,England,ENG,1,2,-1,0,0,1,0,0,0,0,T-30,France,FRA,2,1,1,1,0,0,0,0,0,0,2022,quarter-finals,not applicable,0,1,2022-12-10,L
M-2022-61,WC-2022,T-03,Argentina,ARG,3,0,3,1,0,0,0,0,0,0,T-18,Croatia,HRV,0,3,-3,0,0,1,0,0,0,0,2022,semi-finals,not applicable,0,1,2022-12-13,W
M-2022-62,WC-2022,T-30,France,FRA,2,0,2,1,0,0,0,0,0,0,T-47,Morocco,MAR,0,2,-2,0,0,1,0,0,0,0,2022,semi-finals,not applicable,0,1,2022-12-14,W
M-2022-63,WC-2022,T-18,Croatia,HRV,2,1,1,1,0,0,0,0,0,0,T-47,Morocco,MAR,1,2,-1,0,0,1,0,0,0,0,2022,third-place match,not applicable,0,1,2022-12-17,W
M-2022-64,WC-2022,T-03,Argentina,ARG,3,3,0,1,0,0,1,1,4,2,T-30,France,FRA,3,3,0,0,0,1,1,1,2,4,2022,final,not applicable,0,1,2022-12-18,W
